INSERT INTO `sa_estados_civiles` (`ESTADO_CIVIL_ID`, `ESTADO_CIVIL_DESCRIPCION`, `ESTADO_CIVIL_REGISTRADO`, `ESTADO_CIVIL_MODIFICADO`, `ESTADO_CIVIL_USUARIO`, `ESTADO_CIVIL_ESTADO`) VALUES
(1, 'Soltero/a', '2013-06-24 00:00:00', '2013-06-24 00:00:00', 'admin', 'A'),
(2, 'Casado/a', '2013-06-24 00:00:00', '2013-06-24 00:00:00', 'admin', 'A'),
(3, 'Divorciado/a', '2013-06-24 00:00:00', '2013-06-24 00:00:00', 'admin', 'A'),
(4, 'Viudo/a', '2013-06-24 00:00:00', '2013-06-24 00:00:00', 'admin', 'A'),
(5, 'Persona Jurídica', '2013-06-24 00:00:00', '2013-06-24 00:00:00', 'admin', 'A'),
(6, 'Concubino/a', '2013-06-24 00:00:00', '2013-06-24 00:00:00', 'admin', 'A');

INSERT INTO `mb_tipos_funcionario` (`TIPO_FUNCIONARIO_ID`, `TIPO_FUNCIONARIO_DESCRIPCION`, `TIPO_FUNCIONARIO_REGISTRO`, `TIPO_FUNCIONARIO_MODIFICACION`, `TIPO_FUNCIONARIO_USUARIO`, `TIPO_FUNCIONARIO_ESTADO`) VALUES
(1, 'ADMINISTRADOR', '2013-03-14', '2013-07-18 01:22:43', 'ADMIN', 'ACTIVO'),
(2, 'CONDUCTOR', '2013-03-14', '2013-07-18 01:21:21', 'ADMIN', 'ACTIVO'),
(3, 'SUPERVISOR', '2013-03-14', '2013-07-17 22:44:59', 'ADMIN', 'ACTIVO'),
(4, 'CAJERA', '2013-03-14', '2013-07-17 22:45:05', 'admin', 'ACTIVO'),
(5, 'RECAUDADOR/A', '2013-03-14', '2013-07-17 22:41:47', 'admin', 'ACTIVO'),
(6, 'SINCRONIZADOR', '2013-03-14', '2013-07-18 01:22:43', 'ADMIN', 'ACTIVO');

INSERT INTO `mb_rutas` (`RUTA_ID`, `RUTA_DESCRIPCION`, `RUTA_DETALLE`, `RUTA_REGISTRO`, `RUTA_MODIFICACION`, `RUTA_USUARIO`, `RUTA_ESTADO`) VALUES
(1, 'COTAHUMA', 'COTAHUMA Detalle 1', '2013-03-18', '2013-06-24 22:24:21', 'ADMIN', 'ACTIVO'),
(2, 'SAN ANTONIO', 'SAN ANTONIO Detalle 2', '2013-03-18', '2013-06-24 22:24:21', 'ADMIN', 'ACTIVO'),
(3, 'ZONA SUR', 'ZONA SUR DETALLE', '2014-02-25', '2014-02-25 22:24:21', 'ADMIN', 'ACTIVO');

INSERT INTO `mb_paradas` (`PARADA_ID`, `PARADA_DESCRIPCION`, `PARADA_DETALLE`, `PARADA_LONGITUD`, `PARADA_LATITUD`, `PARADA_ORDEN`, `PARADA_REGISTRO`, `PARADA_MODIFICACION`, `PARADA_USUARIO`, `PARADA_ESTADO`) VALUES
(1, 'Parada Descripcion 1', 'Av Ciudad del Nino', '-68.10229943561495', '-16.4954526400374', 70, '2013-03-18', '2013-06-18 22:47:47', '', 'INACTIVO');

INSERT INTO `mb_patios` (`PATIO_ID`, `PATIO_DESCRIPCION`, `PATIO_DETALLE`, `PATIO_REGISTRO`, `PATIO_MODIFICACION`, `PATIO_USUARIO`, `PATIO_ESTADO`) VALUES
(1, 'Patio Descripcion 1', 'Patio Detalle 1', '2013-03-18', '2013-06-11 01:07:01', '', 'INACTIVO');

INSERT INTO `mb_tipos_pasaje` (`TIPO_PASAJE_ID`, `TIPO_PASAJE_CODIGO`, `TIPO_PASAJE_DESCRIPCION`, `TIPO_PASAJE_REGISTRO`, `TIPO_PASAJE_MODIFICACION`, `TIPO_PASAJE_USUARIO`, `TIPO_PASAJE_ESTADO`) VALUES
(1, 'NR', 'NORMAL', '2013-03-14', '2013-03-15 02:09:51', 'admin', 'ACTIVO'),
(2, 'NC', 'NOCTURNO', '2013-03-14', '2013-03-15 02:09:51', 'admin', 'ACTIVO'),
(3, 'PR', 'PREFERENCIAL', '2013-03-14', '2013-03-15 02:09:51', 'admin', 'ACTIVO'),
(4, 'EX', 'EXENTO', '2013-05-03', '2013-06-20 01:59:37', 'admin', 'ACTIVO'),
(5, 'NS', 'NORMAL SUR', '2013-05-03', '2013-06-20 01:59:37', 'admin', 'ACTIVO');

INSERT INTO `sa_expedidos` (`EXPEDIDO_ID`, `EXPEDIDO_CODIGO`, `EXPEDIDO_DESCRIPCION`, `EXPEDIDO_REGISTRADO`, `EXPEDIDO_MODIFICADO`, `EXPEDIDO_USUARIO`, `EXPEDIDO_ESTADO`) VALUES
(1, 'LPZ', 'LA PAZ', '2013-06-24 00:00:00', '2013-06-24 00:00:00', 'admin', 'A'),
(2, 'OR', 'ORURO', '2013-06-24 00:00:00', '2013-06-24 00:00:00', 'admin', 'A'),
(3, 'PT', 'POTOSI', '2013-06-24 00:00:00', '2013-06-24 00:00:00', 'admin', 'A'),
(4, 'TJ', 'TARIJA', '2013-06-24 00:00:00', '2013-06-24 00:00:00', 'admin', 'A'),
(5, 'CH', 'CHUQUISACA', '2013-06-24 00:00:00', '2013-06-24 00:00:00', 'admin', 'A'),
(6, 'CB', 'COCHABAMBA', '2013-06-24 00:00:00', '2013-06-24 00:00:00', 'admin', 'A'),
(7, 'SC', 'SANTA CRUZ', '2013-06-24 00:00:00', '2013-06-24 00:00:00', 'admin', 'A'),
(8, 'PA', 'PANDO', '2013-06-24 00:00:00', '2013-06-24 00:00:00', 'admin', 'A'),
(9, 'BN', 'BENI', '2013-06-24 00:00:00', '2013-06-24 00:00:00', 'admin', 'A');

INSERT INTO `sa_grupos` (`GRUPO_ID`, `GRUPO_DESCRIPCION`, `GRUPO_IMAGEN`, `GRUPO_REGISTRADO`, `GRUPO_MODIFICADO`, `GRUPO_USUARIO`, `GRUPO_ESTADO`) VALUES
(1, 'ADMINISTRACION', 'IMAGENES/DEFAULT.PNG', '2013-06-24 00:00:00', '2013-06-24 00:00:00', 'admin', 'A'),
(2, 'SEGURIDAD', 'IMAGENES/DEFAULT.PNG', '2013-06-24 00:00:00', '2013-06-24 00:00:00', 'admin', 'A'),
(3, 'MI ESCRITORIO', 'IMAGENES/DEFAULT.PNG', '2013-06-24 00:00:00', '2013-06-24 00:00:00', 'admin', 'A'),
(4, 'REPORTES', 'IMAGENES/DEFAULT.PNG', '2013-06-24 00:00:00', '2013-06-24 00:00:00', 'admin', 'A'),
(5, ' ', 'IMAGENES/DEFAULT.PNG', '2013-06-24 00:00:00', '2013-06-24 00:00:00', 'admin', 'A'),
(6, 'SINCRONIZAR', 'IMAGENES/DEFAULT.PNG', '2013-06-24 00:00:00', '2013-06-24 00:00:00', 'admin', 'A');

INSERT INTO `mb_rts_prds` (`RTS_PRD_ID`, `RTS_PRD_RUTA_ID`, `RTS_PRD_PARADA_ID`, `RTS_PRD_REGISTRO`, `RTS_PRD_MODIFICACION`, `RTS_PRD_USUARIO`, `RTS_PRD_ESTADO`) VALUES
(1, 1, 1, '2013-03-18', '2013-03-21 03:42:58', '', 'ACTIVO');

INSERT INTO `mb_rts_ptis` (`RTS_PTI_ID`, `RTS_PTI_RUTA_ID`, `RTS_PTI_PATIO_ID`, `RTS_PTI_REGISTRO`, `RTS_PTI_MODIFICACION`, `RTS_PTI_USUARIO`, `RTS_PTI_ESTADO`) VALUES
(1, 1, 1, '2013-03-18', '2013-03-21 03:43:50', '', 'ACTIVO');

INSERT INTO `mb_tarifas` (`TARIFA_ID`, `TARIFA_TIPO_PASAJE_ID`, `TARIFA_DESCRIPCION`, `TARIFA_NRO_RESOLUCION`, `TARIFA_MONTO`, `TARIFA_REGISTRO`, `TARIFA_MODIFICACION`, `TARIFA_USUARIO`, `TARIFA_ESTADO`) VALUES
(1, 1, 'NORMAL', 'RESOLUCION 00001/2013', 1.80, '2013-03-14', '2013-06-11 19:44:05', 'admin', 'ACTIVO'),
(2, 2, 'NOCTURNO', 'RESOLUCION 00001/2013', 3.00, '2013-03-14', '2013-06-20 02:16:46', 'admin', 'ACTIVO'),
(3, 3, 'PREFERENCIAL', 'RESOLUCION 00001/2013', 1.00, '2013-03-14', '2013-03-15 02:09:51', 'admin', 'ACTIVO'),
(4, 4, 'EXENTO', 'RESOLUCION 00001/2013', 0.00, '0000-00-00', '2013-06-20 14:15:39', 'admin', 'ACTIVO'),
(5, 5, 'NORMAL SUR', 'RESOLUCION 00001/2013', 2.00, '0000-00-00', '2013-06-20 14:15:39', 'admin', 'ACTIVO');

INSERT INTO `sa_opciones` (`OPCION_ID`, `OPCION_GRUPO_ID`, `OPCION_DESCRIPCION`, `OPCION_CONTENIDO`, `OPCION_ADICIONAL`, `OPCION_ORDEN`, `OPCION_IMAGEN`, `OPCION_REGISTRADO`, `OPCION_MODIFICADO`, `OPCION_USUARIO`, `OPCION_ESTADO`) VALUES
(1,  1, 'FUNCIONARIOS', 'blpFuncionarios.php', '1', 1, 'IMAGENES/DEFAULT.PNG', '2013-06-24 00:00:00', '2013-06-24 00:00:00', 'admin', 'A'),
(2,  1, 'HERRAMIENTAS', 'blpHerramientas.php', '1', 1, 'IMAGENES/DEFAULT.PNG', '2013-06-24 00:00:00', '2013-06-24 00:00:00', 'admin', 'A'),
(3,  1, 'TARIFAS', 'blpTarifas.php', '1', 1, 'IMAGENES/DEFAULT.PNG', '2013-06-24 00:00:00', '2013-06-24 00:00:00', 'admin', 'A'),
(4,  1, 'TIPOS DE FUNCIONARIOS', 'blpTiposFuncionario.php', '1', 1, 'IMAGENES/DEFAULT.PNG', '2013-06-24 00:00:00', '2013-06-24 00:00:00', 'admin', 'A'),
(5,  1, 'TIPOS DE HERRAMIENTAS', 'blpTiposHerramienta.php', '1', 1, 'IMAGENES/DEFAULT.PNG', '2013-06-24 00:00:00', '2013-06-24 00:00:00', 'admin', 'A'),
(6,  1, 'TIPOS DE PASAJES	', 'blpTiposPasaje.php', '1', 1, 'IMAGENES/DEFAULT.PNG', '2013-06-24 00:00:00', '2013-06-24 00:00:00', 'admin', 'A'),
(7,  1, 'RUTAS', 'blpRutas.php', '1', 1, 'IMAGENES/DEFAULT.PNG', '2013-06-24 00:00:00', '2013-06-24 00:00:00', 'admin', 'A'),
(8,  1, 'PATIOS', 'blpPatios.php', '1', 1, 'IMAGENES/DEFAULT.PNG', '2013-06-24 00:00:00', '2013-06-24 00:00:00', 'admin', 'A'),
(9,  1, 'PARADAS', 'blpParadas.php', '1', 1, 'IMAGENES/DEFAULT.PNG', '2013-06-24 00:00:00', '2013-06-24 00:00:00', 'admin', 'A'),
(10, 2, 'OPCIONES DE INICIO', 'blpOpcionesInicio.php', '1', 1, 'IMAGENES/DEFAULT.PNG', '2013-06-24 00:00:00', '2013-06-24 00:00:00', 'admin', 'A'),
(11, 2, 'ACCESOS', 'blpAccesos.php', '1', 1, 'IMAGENES/DEFAULT.PNG', '2013-06-24 00:00:00', '2013-06-24 00:00:00', 'admin', 'A'),
(12, 2, 'E.CIVILES', 'blpEstadosCiviles.php', '1', 1, 'IMAGENES/DEFAULT.PNG', '2013-06-24 00:00:00', '2013-06-24 00:00:00', 'admin', 'A'),
(13, 2, 'EXPEDIDOS', 'blpExpedidos.php', '1', 1, 'IMAGENES/DEFAULT.PNG', '2013-06-24 00:00:00', '2013-06-24 00:00:00', 'admin', 'A'),
(14, 2, 'GRUPOS', 'blpGrupos.php', '1', 1, 'IMAGENES/DEFAULT.PNG', '2013-06-24 00:00:00', '2013-06-24 00:00:00', 'admin', 'A'),
(15, 2, 'OPCIONES', 'blpOpciones.php', '1', 1, 'IMAGENES/DEFAULT.PNG', '2013-06-24 00:00:00', '2013-06-24 00:00:00', 'admin', 'A'),
(16, 2, 'PERSONAS', 'blpPersonas.php', '1', 1, 'IMAGENES/DEFAULT.PNG', '2013-06-24 00:00:00', '2013-06-24 00:00:00', 'admin', 'A'),
(17, 2, 'ROLES', 'blpRoles.php', '1', 1, 'IMAGENES/DEFAULT.PNG', '2013-06-24 00:00:00', '2013-06-24 00:00:00', 'admin', 'A'),
(18, 2, 'USUARIOS', 'blpUsuarios.php', '1', 1, 'IMAGENES/DEFAULT.PNG', '2013-06-24 00:00:00', '2013-06-24 00:00:00', 'admin', 'A'),
(19, 2, 'USUARIO-ROL', 'blpUsuariosRoles.php', '1', 1, 'IMAGENES/DEFAULT.PNG', '2013-06-24 00:00:00', '2013-06-24 00:00:00', 'admin', 'A'),
(20, 3, 'LIQUIDACIONES', 'blpLiquidaciones.php', '1', 1, 'IMAGENES/DEFAULT.PNG', '2013-06-24 00:00:00', '2013-06-24 00:00:00', 'admin', 'A'),
(21, 3, 'TRANSACCIONES', 'blpTransacciones.php', '1', 1, 'IMAGENES/DEFAULT.PNG', '2013-06-24 00:00:00', '2013-06-24 00:00:00', 'admin', 'A'),
(22, 3, 'RESUMEN TRANSACCIONES', 'blpTransacciones2.php', '1', 1, 'IMAGENES/DEFAULT.PNG', '2013-06-24 00:00:00', '2013-06-24 00:00:00', 'admin', 'A'),
(23, 3, 'PROGRAMACIONES', 'blpProgramaciones.php', '1', 1, 'IMAGENES/DEFAULT.PNG', '2013-06-24 00:00:00', '2013-06-24 00:00:00', 'admin', 'A'),
(24, 3, 'GEO-RUTAS', 'blpRutasGeo.php', '1', 1, 'IMAGENES/DEFAULT.PNG', '2013-06-24 00:00:00', '2013-06-24 00:00:00', 'admin', 'A'),
(25, 4, 'REPORTE CONSOLIDADO TOTAL DIARIO', 'blpReporteLiquidaciones.php', '1', 1, 'IMAGENES/DEFAULT.PNG', '2013-06-24 00:00:00', '2013-06-24 00:00:00', 'admin', 'A'),
(26, 4, 'REPORTE PERIODICO DE RECAUDACION', 'blpReportePeriodicoRecaudacion.php', '1', 1, 'IMAGENES/DEFAULT.PNG', '2013-06-24 00:00:00', '2013-06-24 00:00:00', 'admin', 'A'),
(27, 4, 'RECAUDADO DIARIO POR ANFITRION  ', 'blpReporteLiquidacionesAnfitrion.php', '1', 1, 'IMAGENES/DEFAULT.PNG', '2013-06-24 00:00:00', '2013-06-24 00:00:00', 'admin', 'A'),
(28, 4, 'RECAUDADO DIARIO POR VENTANILLA ', 'blpReporteDiarioRecaudado.php', '1', 1, 'IMAGENES/DEFAULT.PNG', '2013-06-24 00:00:00', '2013-06-24 00:00:00', 'admin', 'A'),
(29, 5, 'RECAUDACIONES	', 'blpPP.php', '1', 1, 'IMAGENES/DEFAULT.PNG', '2013-06-24 00:00:00', '2013-06-24 00:00:00', 'admin', 'A'),
(30, 5, 'REPORTE    ', 'blpReporte1.php', '1', 1, 'IMAGENES/DEFAULT.PNG', '2013-06-24 00:00:00', '2013-06-24 00:00:00', 'admin', 'B'),
(31, 5, 'SICRONIZACION ', '../servicios/blpSincronizacionAjax.php', '1', 1, 'IMAGENES/DEFAULT.PNG', '2013-06-24 00:00:00', '2013-06-24 00:00:00', 'admin', 'B'),
(32, 6, 'SINCRONIZAR<br>CON<br>SERVIDOR	', 'blpSincronizarServidor.php', '1', 1, 'IMAGENES/DEFAULT.PNG', '2013-06-24 00:00:00', '2013-06-24 00:00:00', 'admin', 'A'),
(33, 5, 'CERRAR CAJA', 'blpLiquidar.php', '1', 1, 'IMAGENES/DEFAULT.PNG', '2013-06-24 00:00:00', '2013-06-24 00:00:00', 'admin', 'A'),
(34, 4, 'CONCILIACIONES', 'blpReportesConciliacion.php', '1', 1, 'IMAGENES/DEFAULT.PNG', '2013-06-24 00:00:00', '2013-06-24 00:00:00', 'admin', 'A'),
(35, 4, 'LIQUIDACION MANUAL', 'blpAperturas.php', '1', 1, 'IMAGENES/DEFAULT.PNG', '2013-06-24 00:00:00', '2013-06-24 00:00:00', 'admin', 'A');

INSERT INTO `sa_accesos` (`ACCESO_ID`, `ACCESO_OPCION_ID`, `ACCESO_TIPO_FUNCIONARIO_ID`, `ACCESO_REGISTRADO`, `ACCESO_MODIFICADO`, `ACCESO_USUARIO`, `ACCESO_ESTADO`) VALUES
(1, 1, 1, '2013-06-24 00:00:00', '2013-06-24 00:00:00', 'admin', 'A'),
(2, 2, 1, '2013-06-24 00:00:00', '2013-06-24 00:00:00', 'admin', 'A'),
(3, 3, 1, '2013-06-24 00:00:00', '2013-06-24 00:00:00', 'admin', 'A'),
(4, 4, 1, '2013-06-24 00:00:00', '2013-06-24 00:00:00', 'admin', 'A'),
(5, 5, 1, '2013-06-24 00:00:00', '2013-06-24 00:00:00', 'admin', 'A'),
(6, 6, 1, '2013-06-24 00:00:00', '2013-06-24 00:00:00', 'admin', 'A'),
(7, 7, 1, '2013-06-24 00:00:00', '2013-06-24 00:00:00', 'admin', 'A'),
(8, 8, 1, '2013-06-24 00:00:00', '2013-06-24 00:00:00', 'admin', 'A'),
(9, 9, 1, '2013-06-24 00:00:00', '2013-06-24 00:00:00', 'admin', 'A'),
(10, 10, 1, '2013-06-24 00:00:00', '2013-06-24 00:00:00', 'admin', 'A'),
(11, 11, 1, '2013-06-24 00:00:00', '2013-06-24 00:00:00', 'admin', 'A'),
(12, 12, 1, '2013-06-24 00:00:00', '2013-06-24 00:00:00', 'admin', 'A'),
(13, 13, 1, '2013-06-24 00:00:00', '2013-06-24 00:00:00', 'admin', 'A'),
(14, 14, 1, '2013-06-24 00:00:00', '2013-06-24 00:00:00', 'admin', 'A'),
(15, 15, 1, '2013-06-24 00:00:00', '2013-06-24 00:00:00', 'admin', 'A'),
(16, 16, 1, '2013-06-24 00:00:00', '2013-06-24 00:00:00', 'admin', 'A'),
(17, 17, 1, '2013-06-24 00:00:00', '2013-06-24 00:00:00', 'admin', 'A'),
(18, 18, 1, '2013-06-24 00:00:00', '2013-06-24 00:00:00', 'admin', 'A'),
(19, 19, 1, '2013-06-24 00:00:00', '2013-06-24 00:00:00', 'admin', 'A'),
(20, 20, 1, '2013-06-24 00:00:00', '2013-06-24 00:00:00', 'admin', 'A'),
(21, 21, 1, '2013-06-24 00:00:00', '2013-06-24 00:00:00', 'admin', 'A'),
(22, 22, 1, '2013-06-24 00:00:00', '2013-06-24 00:00:00', 'admin', 'A'),
(23, 23, 1, '2013-06-24 00:00:00', '2013-06-24 00:00:00', 'admin', 'A'),
(24, 24, 1, '2013-06-24 00:00:00', '2013-06-24 00:00:00', 'admin', 'A'),
(25, 25, 1, '2013-06-24 00:00:00', '2013-06-24 00:00:00', 'admin', 'A'),
(26, 26, 1, '2013-06-24 00:00:00', '2013-06-24 00:00:00', 'admin', 'A'),
(27, 27, 1, '2013-06-24 00:00:00', '2013-06-24 00:00:00', 'admin', 'A'),
(28, 28, 1, '2013-06-24 00:00:00', '2013-06-24 00:00:00', 'admin', 'A'),
(29, 32, 1, '2013-06-24 00:00:00', '2013-06-24 00:00:00', 'admin', 'A'),
(30,1, 3, '2013-06-24 00:00:00', '2013-06-24 00:00:00', 'admin', 'A'),
(31,2, 3, '2013-06-24 00:00:00', '2013-06-24 00:00:00', 'admin', 'A'),
(32,3, 3, '2013-06-24 00:00:00', '2013-06-24 00:00:00', 'admin', 'A'),
(33,4, 3, '2013-06-24 00:00:00', '2013-06-24 00:00:00', 'admin', 'A'),
(34,5, 3, '2013-06-24 00:00:00', '2013-06-24 00:00:00', 'admin', 'A'),
(35,6, 3, '2013-06-24 00:00:00', '2013-06-24 00:00:00', 'admin', 'A'),
(36,7, 3, '2013-06-24 00:00:00', '2013-06-24 00:00:00', 'admin', 'A'),
(37,8, 3, '2013-06-24 00:00:00', '2013-06-24 00:00:00', 'admin', 'A'),
(38,9, 3, '2013-06-24 00:00:00', '2013-06-24 00:00:00', 'admin', 'A'),
(39,10 , 3, '2013-06-24 00:00:00', '2013-06-24 00:00:00', 'admin', 'A'),
(40,11 , 3, '2013-06-24 00:00:00', '2013-06-24 00:00:00', 'admin', 'A'),
(41,12 , 3, '2013-06-24 00:00:00', '2013-06-24 00:00:00', 'admin', 'A'),
(42,13 , 3, '2013-06-24 00:00:00', '2013-06-24 00:00:00', 'admin', 'A'),
(43,14 , 3, '2013-06-24 00:00:00', '2013-06-24 00:00:00', 'admin', 'A'),
(44,15 , 3, '2013-06-24 00:00:00', '2013-06-24 00:00:00', 'admin', 'A'),
(45,16 , 3, '2013-06-24 00:00:00', '2013-06-24 00:00:00', 'admin', 'A'),
(46,17 , 3, '2013-06-24 00:00:00', '2013-06-24 00:00:00', 'admin', 'A'),
(47,18 , 3, '2013-06-24 00:00:00', '2013-06-24 00:00:00', 'admin', 'A'),
(48,19 , 3, '2013-06-24 00:00:00', '2013-06-24 00:00:00', 'admin', 'A'),
(49,23 , 3, '2013-06-24 00:00:00', '2013-06-24 00:00:00', 'admin', 'A'),
(50,24 , 3, '2013-06-24 00:00:00', '2013-06-24 00:00:00', 'admin', 'A'),
(51, 25, 4, '2013-06-24 00:00:00', '2013-06-24 00:00:00', 'admin', 'A'),
(52, 26, 4, '2013-06-24 00:00:00', '2013-06-24 00:00:00', 'admin', 'A'),
(53, 27, 4, '2013-06-24 00:00:00', '2013-06-24 00:00:00', 'admin', 'A'),
(54, 28, 4, '2013-06-24 00:00:00', '2013-06-24 00:00:00', 'admin', 'A'),
(55, 20, 4, '2013-06-24 00:00:00', '2013-06-24 00:00:00', 'admin', 'A'),
(56, 21, 4, '2013-06-24 00:00:00', '2013-06-24 00:00:00', 'admin', 'A'),
(57, 29, 5, '2013-06-24 00:00:00', '2013-06-24 00:00:00', 'admin', 'A'),
(58, 30, 5, '2013-06-24 00:00:00', '2013-06-24 00:00:00', 'admin', 'A'),
(59, 31, 5, '2013-06-24 00:00:00', '2013-06-24 00:00:00', 'admin', 'A'),
(60, 32, 6, '2013-06-24 00:00:00', '2013-06-24 00:00:00', 'admin', 'A'),
(61, 33, 5, '2013-06-24 00:00:00', '2013-06-24 00:00:00', 'admin', 'A'),
(62, 34, 4, '2013-06-24 00:00:00', '2013-06-24 00:00:00', 'admin', 'A'),
(63, 35, 4, '2013-06-24 00:00:00', '2013-06-24 00:00:00', 'admin', 'A');




INSERT INTO `mb_funcionarios` (`FUNCIONARIO_ID`, `FUNCIONARIO_EXPEDIDO_ID`, `FUNCIONARIO_ESTADO_CIVIL_ID`, `FUNCIONARIO_CI`, `FUNCIONARIO_NOMBRES`, `FUNCIONARIO_PATERNO`, `FUNCIONARIO_MATERNO`, `FUNCIONARIO_REGISTRO`, `FUNCIONARIO_MODIFICACION`, `FUNCIONARIO_USUARIO`, `FUNCIONARIO_ESTADO`) VALUES
(1, 1, 2, '1000000'		, 'admin'			, 'paterno'			, 'materno'					, '2013-05-03', '2013-07-02 18:32:38', 'admin'				,'ACTIVO'),
(2, 1, 2, '2000000'		, 'recaudador1'		, 'recaudador1', 'recaudador1'	, '2013-05-03', '2013-07-02 18:32:41', 'admin'		,'ACTIVO'),
(3, 1, 2, '5000000'		, 'Marcos Eufren'	, 'Hanssen', 'Lafuente'			, '2013-05-03', '2013-07-02 18:32:41', 'admin'		,'ACTIVO'),
(4, 1, 2, '6000000'		, 'Leonardo David'	, 'Duarte', 'Villalobos'		, '2013-05-03', '2013-07-02 18:32:46', 'admin'		,'ACTIVO'),
(5, 1, 2, '7000000'		, 'Juan Marcelo', 'Barrientos', 'Flores'			, '2013-05-03', '2013-07-02 18:32:38', 'admin'		,'ACTIVO'),
(6, 1, 2, '8000000'		, 'Luz Omahyra', 'Montecinos', 'Valda'				, '2013-05-03', '2013-07-02 18:32:41', 'admin'		, 'ACTIVO'),
(7, 1, 2, '9000000'		, 'Loyola', 'Espejo', 'Carrasco'				, '2013-05-03', '2013-07-02 18:32:46', 'admin', 'ACTIVO'),
(8, 1, 2, '000000'		, 'Angela Jimena', 'Escobar', 'Larrea'			, '2013-05-03', '2013-07-02 18:32:46', 'admin', 'ACTIVO'),
(9, 1, 2, '000000'		, 'Raphael Rodrigo', 'Estevez', 'Vedia'			, '2013-05-03', '2013-07-02 18:32:50', 'admin', 'ACTIVO'),
(10, 1, 1, '000000'		, 'ddoti', 'ddoti', 'ddoti'						, '2013-05-03', '2013-07-02 18:32:38', 'juan', 'ACTIVO'),
(11, 1, 1, '2387733'	, 'Julio Marcelo', 'Aguilar', 'Diaz'			, '0000-00-00', '2014-02-20 21:53:10', 'ADMIN', 'ACTIVO'),
(12, 1, 1, '4751827'	, 'Maria lourdes', 'Aguilar', 'Gonzales'		, '0000-00-00', '2014-02-20 21:53:10', 'ADMIN', 'ACTIVO'),
(13, 1, 1, '4757527'	, 'Patricia veronica', 'Aguilar', 'Frontanilla'	, '0000-00-00', '2014-02-20 21:53:10', 'ADMIN', 'ACTIVO'),
(14, 1, 1, '4835872'	, 'Ingrid Celeste', 'Aldana', 'Daza'			, '0000-00-00', '2014-02-20 21:53:10', 'ADMIN', 'ACTIVO'),
(15, 1, 1, '3484582'	, 'Rosizela', 'Angulo', 'Lima'					, '0000-00-00', '2014-02-20 21:53:10', 'ADMIN', 'ACTIVO'),
(16, 1, 1, '6761998'	, 'Estefani coral', 'Antezana', 'Rodriguez'		, '0000-00-00', '2014-02-20 21:53:10', 'ADMIN', 'ACTIVO'),
(17, 1, 1, '6965641'	, 'Marisol', 'Apaza', 'Tarqui'					, '0000-00-00', '2014-02-20 21:53:10', 'ADMIN', 'ACTIVO'),
(18, 1, 1, '4963384'	, 'Daniel', 'Arcani', 'Rojas'					, '0000-00-00', '2014-02-20 21:53:10', 'ADMIN', 'ACTIVO'),
(19, 1, 1, '4894063'	, 'Boris diether', 'Arispe', 'Ferrufino'		, '0000-00-00', '2014-02-20 21:53:10', 'ADMIN', 'ACTIVO'),
(20, 1, 1, '6229172'	, 'Marco antonio', 'Baltazar', 'Flores'			, '0000-00-00', '2014-02-20 21:53:10', 'ADMIN', 'ACTIVO'),
(21, 1, 1, '8362999'	, 'Pamela erika', 'Bautista', 'Villarreal'		, '0000-00-00', '2014-02-20 21:53:10', 'ADMIN', 'ACTIVO'),
(22, 1, 1, '6739815'	, 'Micaela lezly', 'Bautista', 'Reyes'			, '0000-00-00', '2014-02-20 21:53:10', 'ADMIN', 'ACTIVO'),
(23, 1, 1, '6738344'	, 'Emma flor', 'Berrocal', 'Ibana'				, '0000-00-00', '2014-02-20 21:53:10', 'ADMIN', 'ACTIVO'),
(24, 1, 1, '3381087'	, 'Claudia del rosario', 'Branez', 'Ergueta'	, '0000-00-00', '2014-02-20 21:53:10', 'ADMIN', 'ACTIVO'),
(25, 1, 1, '5972777'	, 'Evelyn ines', 'Bustillos', 'Aguilar'			, '0000-00-00', '2014-02-20 21:53:10', 'ADMIN', 'ACTIVO'),
(26, 1, 1, '2700150'	, 'Jenaro', 'Cabrera', 'Figueredo'				, '0000-00-00', '2014-02-20 21:53:10', 'ADMIN', 'ACTIVO'),
(27, 1, 1, '6027836'	, 'Alicia', 'Caceres', 'Pairumani'				, '0000-00-00', '2014-02-20 21:53:10', 'ADMIN', 'ACTIVO'),
(28, 1, 1, '6107841'	, 'Neyza julia', 'Cadena', 'Leon'				, '0000-00-00', '2014-02-20 21:53:10', 'ADMIN', 'ACTIVO'),
(29, 1, 1, '8327395'	, 'Dolly liliana', 'Calle', 'Chinchero'			, '0000-00-00', '2014-02-20 21:53:10', 'ADMIN', 'ACTIVO'),
(30, 1, 1, '7071111'	, 'Vanesa', 'Callisaya ', 'Nina'				, '0000-00-00', '2014-02-20 21:53:10', 'ADMIN', 'ACTIVO'),
(31, 1, 1, '3443184'	, 'Mary Victoria', 'Callizaya', 'Laguna'		, '0000-00-00', '2014-02-20 21:53:10', 'ADMIN', 'ACTIVO'),
(32, 1, 1, '2377675'	, 'Yuly karina', 'Cardenas', 'Penarrieta'		, '0000-00-00', '2014-02-20 21:53:11', 'ADMIN', 'ACTIVO'),
(33, 1, 1, '9988578'	, 'Julio', 'Carrillo', 'Choque'					, '0000-00-00', '2014-02-20 21:53:11', 'ADMIN', 'ACTIVO'),
(34, 1, 1, '6739822'	, 'Samanta'			, 'Castaneda'	, 'Montes'	    , '0000-00-00', '2014-02-20 21:53:11', 'ADMIN', 'ACTIVO'),
(35, 1, 1, '6042415'	, 'Judith guadalupe', 'Castanon'	, 'Verastegui'	, '0000-00-00', '2014-02-20 21:53:11', 'ADMIN', 'ACTIVO'),
(36, 1, 1, '6167962'	, 'Marcelo'			, 'Castillo'	, 'Andrade'		, '0000-00-00', '2014-02-20 21:53:11', 'ADMIN', 'ACTIVO'),
(37, 1, 1, '6720530'	, 'Dayana Erika'	, 'Castro'		, 'Salazar'		, '0000-00-00', '2014-02-20 21:53:11', 'ADMIN', 'ACTIVO'),
(38, 1, 1, '1'			, 'Orieta Diana'	, 'Castro'		, 'Espinoza'	, '0000-00-00', '2014-02-20 21:53:11', 'ADMIN', 'INACTIVO'),
(39, 1, 1, '6725680'	, 'German'			, 'Castro'		, 'Mamani'		, '0000-00-00', '2014-02-20 21:53:11', 'ADMIN', 'ACTIVO'),
(40, 1, 1, '8332651'	, 'Candy'			, 'Catacora'	, 'Cordero'		, '0000-00-00', '2014-02-20 21:53:11', 'ADMIN', 'ACTIVO'),
(41, 1, 1, '6198710'	, 'Roxana'			, 'Chambi'		, 'Conde'		, '0000-00-00', '2014-02-20 21:53:11', 'ADMIN', 'ACTIVO'),
(42, 1, 1, '6096126'	, 'Nano'			, 'Chambi'		, 'Tucupa'		, '0000-00-00', '2014-02-20 21:53:11', 'ADMIN', 'ACTIVO'),
(43, 1, 1, '6815980'	, 'Ruth remedios'	, 'Chavez'		, 'Luna'		, '0000-00-00', '2014-02-20 21:53:11', 'ADMIN', 'ACTIVO'),
(44, 1, 1, '6110149'	, 'Blanca'			, 'Choque'		, 'Ingala'		, '0000-00-00', '2014-02-20 21:53:11', 'ADMIN', 'ACTIVO'),
(45, 1, 1, '6811253'	, 'Rolando wilmer'	, 'Chuquimia'	, 'Huanca'		, '0000-00-00', '2014-02-20 21:53:11', 'ADMIN', 'ACTIVO'),
(46, 1, 1, '9113295'	, 'Susana Carmen'	, 'Churqui'		, 'Casas'		, '0000-00-00', '2014-02-20 21:53:11', 'ADMIN', 'ACTIVO'),
(47, 1, 1, '5950371'	, 'Silvia Eugenia'	, 'Conde'		, 'Payi'		, '0000-00-00', '2014-02-20 21:53:11', 'ADMIN', 'ACTIVO'),
(48, 1, 1, '9215217'	, 'Wilfredo'		, 'Condo'		, 'Lucana'		, '0000-00-00', '2014-02-20 21:53:11', 'ADMIN', 'ACTIVO'),
(49, 1, 1, '7061438'	, 'David'			, 'Condori'		, 'Mamani'		, '0000-00-00', '2014-02-20 21:53:11', 'ADMIN', 'ACTIVO'),
(50, 1, 1, '6037601'	, 'Rebeca claudia'	, 'Condori'		, 'Aruquipa'	, '0000-00-00', '2014-02-20 21:53:11', 'ADMIN', 'ACTIVO'),
(51, 1, 1, '6725686'	, 'Reynaldo ramon'	, 'Cortez'		, 'Mamani'		, '0000-00-00', '2014-02-20 21:53:11', 'ADMIN', 'ACTIVO'),
(52, 1, 1, '8310957'	, 'Yesica alejandra', 'Crespo'		, 'Acebey'		, '0000-00-00', '2014-02-20 21:53:11', 'ADMIN', 'ACTIVO'),
(53, 1, 1, '6100443'	, 'Julia'			, 'Cruz'		, 'Condori'		, '0000-00-00', '2014-02-20 21:53:11', 'ADMIN', 'ACTIVO'),
(54, 1, 1, '4878224'	, 'Karen alejandra'	, 'Cuevas'		, 'Ameller'		, '0000-00-00', '2014-02-20 21:53:11', 'ADMIN', 'ACTIVO'),
(55, 1, 1, '4022449'	, 'Carolina Rosario', 'Echeverri'	, 'Toledo'		, '0000-00-00', '2014-02-20 21:53:11', 'ADMIN', 'ACTIVO'),
(56, 1, 1, '6762581'	, 'Monica Ines'		, 'Ergueta'		, 'Calamani'	, '0000-00-00', '2014-02-20 21:53:11', 'ADMIN', 'ACTIVO'),
(57, 1, 1, '2378606'	, 'Ruth'			, 'Escobar'		, 'Pacheco'		, '0000-00-00', '2014-02-20 21:53:11', 'ADMIN', 'ACTIVO'),
(58, 1, 1, '8332895'	, 'Esther  Neisa'	, 'Espejo'		, 'Laime'		, '0000-00-00', '2014-02-20 21:53:11', 'ADMIN', 'ACTIVO'),
(59, 1, 1, '8442379'	, 'Christian Marcelo', 'Flores'		, 'Molina'		, '0000-00-00', '2014-02-20 21:53:11', 'ADMIN', 'ACTIVO'),
(60, 1, 1, '6009149'	, 'Alex briam'		, 'Flores '		, 'Apaza'		, '0000-00-00', '2014-02-20 21:53:11', 'ADMIN', 'ACTIVO'),
(61, 1, 1, '4812997'	, 'Marianela Olga'	, 'Garcia'		, 'Salinas'		, '0000-00-00', '2014-02-20 21:53:11', 'ADMIN', 'ACTIVO'),
(62, 1, 1, '8312009'	, 'Erlan Jose'		, 'Garcia'		, 'Bejarano'	, '0000-00-00', '2014-02-20 21:53:11', 'ADMIN', 'ACTIVO'),
(63, 1, 1, '4296508'	, 'Evelin'			, 'Gomez garcia', 'Cuenca'		, '0000-00-00', '2014-02-20 21:53:11', 'ADMIN', 'ACTIVO'),
(64, 1, 1, '4810909'	, 'Mabel geovana'	, 'Gonzales'	, 'Apaza'		, '0000-00-00', '2014-02-20 21:53:11', 'ADMIN', 'ACTIVO'),
(65, 1, 1, '2696785'	, 'Juan antonio'	, 'Gonzales'	, 'Gonzales'	, '0000-00-00', '2014-02-20 21:53:11', 'ADMIN', 'ACTIVO'),
(66, 1, 1, '6842028'	, 'Layda'			, 'Gutierrez'	, 'Ramos'		, '0000-00-00', '2014-02-20 21:53:11', 'ADMIN', 'ACTIVO'),
(67, 1, 1, '3319076'	, 'Luis fernando'	, 'Herrera'		, 'Lopez'		, '0000-00-00', '2014-02-20 21:53:11', 'ADMIN', 'ACTIVO'),
(68, 1, 1, '6753232'	, 'Marcia mariela'	, 'Herrera'		, 'Choque'		, '0000-00-00', '2014-02-20 21:53:11', 'ADMIN', 'ACTIVO'),
(69, 1, 1, '6054419'	, 'Erika'			, 'Huanca'		, 'Lima'		, '0000-00-00', '2014-02-20 21:53:11', 'ADMIN', 'ACTIVO'),
(70, 1, 1, '1'			, 'Freddy'			, 'Kapcha'		, 'Mamani'		, '0000-00-00', '2014-02-20 21:53:11', 'ADMIN', 'INACTIVO'),
(71, 1, 1, '6851756'	, 'Gonzalo Javier'	, 'Laura'		, 'Aliaga'		, '0000-00-00', '2014-02-20 21:53:11', 'ADMIN', 'ACTIVO'),
(72, 1, 1, '6134176'	, 'Erick Gabriel'	, 'Lima'		, 'Huanca'		, '0000-00-00', '2014-02-20 21:53:11', 'ADMIN', 'ACTIVO'),
(73, 5, 1, '5686042'	, 'Marian cecilia'	, 'Loayza'		, 'Aillon'		, '0000-00-00', '2014-02-20 21:53:11', 'ADMIN', 'ACTIVO'),
(74, 1, 1, '4909672'	, 'Lina magaly '	, 'Llanque'		, 'Aliaga'		, '0000-00-00', '2014-02-20 21:53:11', 'ADMIN', 'ACTIVO'),
(75, 1, 1, '6995674'	, 'Gonzalo'			, 'Machaca'		, 'Siles'		, '0000-00-00', '2014-02-20 21:53:11', 'ADMIN', 'ACTIVO'),
(76, 1, 1, '8362203'	, 'Mario samuel'	, 'Machaca'		, 'Nina'		, '0000-00-00', '2014-02-20 21:53:11', 'ADMIN', 'ACTIVO'),
(77, 2, 1, '3525072'	, 'Jhuly eliana'	, 'Machicado '	, 'Salazar'		, '0000-00-00', '2014-02-20 21:53:11', 'ADMIN', 'ACTIVO'),
(78, 1, 1, '3444444'	, 'Gonzalo '		, 'Maldonado'	, 'Tinini '		, '0000-00-00', '2014-02-20 21:53:12', 'ADMIN', 'ACTIVO'),
(79, 1, 1, '9209247'	, 'Maria norma'		, 'Manrique'	, 'Cuaquira'	, '0000-00-00', '2014-02-20 21:53:12', 'ADMIN', 'ACTIVO'),
(80, 1, 1, '8296085'	, 'Viviana'			, 'Manzaneda'	, 'Coya'		, '0000-00-00', '2014-02-20 21:53:12', 'ADMIN', 'ACTIVO'),
(81, 1, 1, '9103191'	, 'Joaquin'			, 'Marca'		, 'Santos'		, '0000-00-00', '2014-02-20 21:53:12', 'ADMIN', 'ACTIVO'),
(82, 1, 1, '6143503'	, 'Juan Pablo'		, 'Martinez'	, 'Estevez'		, '0000-00-00', '2014-02-20 21:53:12', 'ADMIN', 'ACTIVO'),
(83, 1, 1, '6151799'	, 'Curie kenny'		, 'Merlo'		, 'Ramos'		, '0000-00-00', '2014-02-20 21:53:12', 'ADMIN', 'ACTIVO'),
(84, 1, 1, '4843356'	, 'Lilian Reyna'	, 'Monroy'		, 'Gutierrez'	, '0000-00-00', '2014-02-20 21:53:12', 'ADMIN', 'ACTIVO'),
(85, 1, 1, '8260812'	, 'Nataly Alicia'	, 'Morales'		, 'Sinani'		, '0000-00-00', '2014-02-20 21:53:12', 'ADMIN', 'ACTIVO'),
(86, 1, 1, '7011946'	, 'Vladimir Marino'	, 'Ochoa'		, 'Cerezo'		, '0000-00-00', '2014-02-20 21:53:12', 'ADMIN', 'ACTIVO'),
(87, 1, 1, '4949658'	, 'Zenobio'			, 'Paye'		, 'Copa'		, '0000-00-00', '2014-02-20 21:53:12', 'ADMIN', 'ACTIVO'),
(88, 1, 1, '6989375'	, 'Cristian mauricio', 'Poma'		, 'Condori'		, '0000-00-00', '2014-02-20 21:53:12', 'ADMIN', 'ACTIVO'),
(89, 1, 1, '5942886'	, 'Nancy Hilda'		, 'Prado'		, 'Quisbert'	, '0000-00-00', '2014-02-20 21:53:12', 'ADMIN', 'ACTIVO'),
(90, 1, 1, '4874889'	, 'Sonia irene'		, 'Quenallata'	, 'Ticona'		, '0000-00-00', '2014-02-20 21:53:12', 'ADMIN', 'ACTIVO'),
(91, 1, 1, '8442190'	, 'Juan Pablo'		, 'Quenta'		, 'Cantuta'		, '0000-00-00', '2014-02-20 21:53:12', 'ADMIN', 'ACTIVO'),
(92, 1, 1, '4841711'	, 'Susana Liceth'	, 'Quiroga'		, 'Siles'		, '0000-00-00', '2014-02-20 21:53:12', 'ADMIN', 'ACTIVO'),
(93, 1, 1, '10010175'	, 'Maria Elena'     , 'Quiroz'		, 'Chipana'		, '0000-00-00', '2014-02-20 21:53:12', 'ADMIN', 'ACTIVO'),
(94, 1, 1, '8309435'	, 'Framar Alejandro', 'Quisbert'	, 'Mallea'		, '0000-00-00', '2014-02-20 21:53:12', 'ADMIN', 'ACTIVO'),
(95, 1, 1, '6981949'	, 'Rocio Miriam'	, 'Quisbert'	, 'Castro'		, '0000-00-00', '2014-02-20 21:53:12', 'ADMIN', 'ACTIVO'),
(96, 1, 1, '0'			, 'Eva Chanel'		, 'Quispe'		, 'Marca'		, '0000-00-00', '2014-02-20 21:53:12', 'ADMIN', 'INACTIVO'),
(97, 1, 1, '6869568'	, 'Juan rodrigo'	, 'Quispe'		, 'Mamani' 		, '0000-00-00', '2014-02-20 21:53:12', 'ADMIN', 'ACTIVO'),
(98, 1, 1, '10917264'	, 'Jhon Carlos'		, 'Ralde'		, 'Flores'		, '0000-00-00', '2014-02-20 21:53:12', 'ADMIN', 'ACTIVO'),
(99, 1, 1, '6089449'	, 'Iris'			, 'Ramirez'		, 'Guerra'		, '0000-00-00', '2014-02-20 21:53:12', 'ADMIN', 'ACTIVO'),
(100, 1, 1, '6728078'	, 'Luis Fernando'	, 'Ramos'		, 'Quispe'		, '0000-00-00', '2014-02-20 21:53:12', 'ADMIN', 'ACTIVO'),
(101, 1, 1, '10913821'	, 'Jorge Alonso'	, 'Rios'		, 'Cruz'		, '0000-00-00', '2014-02-20 21:53:12', 'ADMIN', 'ACTIVO'),
(102, 1, 1, '6869896'	, 'Alex Mario'		, 'Rodriguez'	, 'Guardia'		, '0000-00-00', '2014-02-20 21:53:12', 'ADMIN', 'ACTIVO'),
(103, 1, 1, '2684752'	, 'Marianela cecilia', 'Rojas'		, 'Machicado'	, '0000-00-00', '2014-02-20 21:53:12', 'ADMIN', 'ACTIVO'),
(104, 1, 1, '2444330'	, 'Martha Miriam'	, 'Saenz'		, 'Luna'		, '0000-00-00', '2014-02-20 21:53:12', 'ADMIN', 'ACTIVO'),
(105, 1, 1, '6101734'	, 'Victor Hugo'		, 'Salas'		, 'Gutierrez'	, '0000-00-00', '2014-02-20 21:53:12', 'ADMIN', 'ACTIVO'),
(106, 1, 1, '6752434'	, 'Samuel Moises'	, 'Sanchez'		, 'Castro'		, '0000-00-00', '2014-02-20 21:53:12', 'ADMIN', 'ACTIVO'),
(107, 1, 1, '6966538'	, 'Kelly Katherine'	, 'Sejas'		, 'Herrera'		, '0000-00-00', '2014-02-20 21:53:12', 'ADMIN', 'ACTIVO'),
(108, 1, 1, '5979216'	, 'Sonia Ana'		, 'Selaya'		, 'Cruz'		, '0000-00-00', '2014-02-20 21:53:12', 'ADMIN', 'ACTIVO'),
(109, 1, 1, '4882023'	, 'Silvia antonia'	, 'Chumacero'	, ''			, '0000-00-00', '2014-02-20 21:53:12', 'ADMIN', 'ACTIVO'),
(110, 1, 1, '6988758'	, 'Gloria Eliana'	, 'Sinani'		, 'Chambi'		, '0000-00-00', '2014-02-20 21:53:12', 'ADMIN', 'ACTIVO'),
(111, 1, 1, '7040148'	, 'Miguel Angel'	, 'Sullca'		, 'Matias'		, '0000-00-00', '2014-02-20 21:53:12', 'ADMIN', 'ACTIVO'),
(112, 1, 1, '1'			, 'Carlos Marcial'	, 'Ticona'		, 'Condarco'	, '0000-00-00', '2014-02-20 21:53:12', 'ADMIN', 'INACTIVO'),
(113, 1, 1, '4823868'	, 'Grover Luis'		, 'Ticona'		, 'Maldonado'	, '0000-00-00', '2014-02-20 21:53:12', 'ADMIN', 'ACTIVO'),
(114, 1, 1, '6161129'	, 'Rosmery'			, 'Ticona'		, 'Quispe'		, '0000-00-00', '2014-02-20 21:53:12', 'ADMIN', 'ACTIVO'),
(115, 1, 1, '6844822'	, 'Veronica'		, 'Ticona'		, 'Hilaya'		, '0000-00-00', '2014-02-20 21:53:12', 'ADMIN', 'ACTIVO'),
(116, 1, 1, '8349784'	, 'Elizabeth'		, 'Ticona'		, 'Callisaya'	, '0000-00-00', '2014-02-20 21:53:12', 'ADMIN', 'ACTIVO'),
(117, 2, 1, '3529317'	, 'Rene Jhonny'		, 'Valencia'	, 'Agudo'		, '0000-00-00', '2014-02-20 21:53:12', 'ADMIN', 'ACTIVO'),
(118, 1, 1, '6188826'	, 'Luis Marcelo'	, 'Vargas'		, 'Perez'		, '0000-00-00', '2014-02-20 21:53:12', 'ADMIN', 'ACTIVO'),
(119, 1, 1, '6808677'	, 'Wilma Beatriz'	, 'Vargas'		, 'Mariaca'		, '0000-00-00', '2014-02-20 21:53:12', 'ADMIN', 'ACTIVO'),
(120, 1, 1, '5963213'	, 'Narda Esther'	, 'Vera'		, 'Bolivar'		, '0000-00-00', '2014-02-20 21:53:13', 'ADMIN', 'ACTIVO'),
(121, 1, 1, '8319881'	, 'Tatiana'			, 'Villca'		, 'Paco'		, '0000-00-00', '2014-02-20 21:53:13', 'ADMIN', 'ACTIVO'),
(122, 1, 1, '6105516'	, 'Ingrid Coral'	, 'Viscarra'	, 'Ramirez'		, '0000-00-00', '2014-02-20 21:53:13', 'ADMIN', 'ACTIVO'),
(123, 1, 1, '4810257'	, 'Paola Lizeth'	, 'Zapata'		, 'Cespedes'	, '0000-00-00', '2014-02-20 21:53:13', 'ADMIN', 'ACTIVO'),
(124, 1, 1, '8329394'	, 'Jesus Cristhian'	, 'Zuniga'		, 'Camargo'		, '0000-00-00', '2014-02-20 21:53:13', 'ADMIN', 'ACTIVO'),
(125, 1, 1, '8359403'	, 'Ana Paola'		, 'Zacarias'	, 'Luna'		, '0000-00-00', '2014-02-20 21:53:13', 'ADMIN', 'ACTIVO'),
(126, 1, 1, '6121121'	, 'Veronica Eugenia', 'Condori'		, 'Suxo'		, '0000-00-00', '2014-02-20 21:53:13', 'ADMIN', 'ACTIVO'),
(127, 1, 1, '9105807'	, 'Ana Maria'		, 'Ramos'		, 'Chipana'		, '0000-00-00', '2014-02-20 21:53:13', 'ADMIN', 'ACTIVO'),
(128, 1, 1, '6955467'	, 'Jose Ignacio'	, 'Andia'		, 'Escobar'		, '0000-00-00', '2014-02-20 21:53:13', 'ADMIN', 'ACTIVO'),
(129, 1, 1, '8358041'	, 'Estefany Carla'	, 'Arias'		, 'Coronel'		, '0000-00-00', '2014-02-20 21:53:13', 'ADMIN', 'ACTIVO'),
(130, 1, 1, '8324184'	, 'Lucy'			, 'Ballesteros'	, 'Alferes'		, '0000-00-00', '2014-02-20 21:53:13', 'ADMIN', 'ACTIVO'),
(131, 1, 1, '8293409'	, 'Robert Junior'	, 'De la barra'	, 'Alvarez'		, '0000-00-00', '2014-02-20 21:53:13', 'ADMIN', 'ACTIVO'),
(132, 1, 1, '4291527'	, 'Rosa Maria'		, 'Flores'		, 'Callisaya'	, '0000-00-00', '2014-02-20 21:53:13', 'ADMIN', 'ACTIVO'),
(133, 1, 1, '1'			, 'Gladys'			, 'Flores'		, 'Flores'		, '0000-00-00', '2014-02-20 21:53:13', 'ADMIN', 'INACTIVO'),
(134, 1, 1, '4891023'	, 'Claudia'			, 'Fernadez'	, 'Castro'		, '0000-00-00', '2014-02-20 21:53:13', 'ADMIN', 'ACTIVO'),
(135, 1, 1, '1'			, 'Giovana'			, 'Guachalla'	, 'Condori'		, '0000-00-00', '2014-02-20 21:53:13', 'ADMIN', 'INACTIVO'),
(136, 1, 1, '5956965'	, 'Carmen Rosa'		, 'Chirino'		, 'Calle'		, '0000-00-00', '2014-02-20 21:53:13', 'ADMIN', 'ACTIVO'),
(137, 1, 1, '1090250'	, 'Virginia'		, 'Janco'		, 'Morales'		, '0000-00-00', '2014-02-20 21:53:13', 'ADMIN', 'ACTIVO'),
(138, 1, 1, '7067669'	, 'Rodrigo'			, 'Marin'		, 'Huanca'		, '0000-00-00', '2014-02-20 21:53:13', 'ADMIN', 'ACTIVO'),
(139, 1, 1, '5948822'	, 'Soledad'			, 'Pathi'		, 'Larico'		, '0000-00-00', '2014-02-20 21:53:13', 'ADMIN', 'ACTIVO'),
(140, 1, 1, '8437099'	, 'SilvaEugenia'	, 'Pillco'		, 'Quispe'		, '0000-00-00', '2014-02-20 21:53:13', 'ADMIN', 'ACTIVO'),
(141, 1, 1, '6849965'	, 'Ruben Carlos'	, 'Poma '		, 'Gironda'		, '0000-00-00', '2014-02-20 21:53:13', 'ADMIN', 'ACTIVO'),
(142, 1, 1, '6752298'	, 'Virginia'		, 'Titto'		, 'Teran'		, '0000-00-00', '2014-02-20 21:53:13', 'ADMIN', 'ACTIVO'),
(143, 1, 1, '1'			, 'Marco antonio'	, 'Mayta'		, 'Rojas'		, '0000-00-00', '2014-02-20 21:53:13', 'ADMIN', 'INACTIVO'),
(144, 7, 1, '5841215'	, 'Osmar rene'		, 'Rojas'		, 'Mayta'		, '0000-00-00', '2014-02-20 21:53:13', 'ADMIN', 'ACTIVO'),

(145, 1, 1, '6872933','Marco Antonio', 'Mayta', 'Coca', '0000-00-00', '2014-02-20 21:53:13', 'ADMIN', 'ACTIVO'),
(146, 1, 1, '11109470','Abigail Ana', 'Pinto', 'Condori', '0000-00-00', '2014-02-20 21:53:13', 'ADMIN', 'ACTIVO'),
(147, 1, 1, '9867107','Dennis Fabian', 'Zarco', 'Calahumana', '0000-00-00', '2014-02-20 21:53:13', 'ADMIN', 'ACTIVO'),
(148, 1, 1, '6950463','Luis Samuel', 'Sucaticona','Calle', '0000-00-00', '2014-02-20 21:53:13', 'ADMIN', 'ACTIVO'),
(149, 1, 1, '6816926','Ivan Luis','Mamani','Mamani', '0000-00-00', '2014-02-20 21:53:13', 'ADMIN', 'ACTIVO'),
(150, 1, 1, '8260583','Richard Nelson', 'Aguilar','Chiqui', '0000-00-00', '2014-02-20 21:53:13', 'ADMIN', 'ACTIVO'),
(151, 1, 1, '4846962','Alejandro', 'Zurita','Calderon', '0000-00-00', '2014-02-20 21:53:13', 'ADMIN', 'ACTIVO'),
(152, 1, 1, '4898533','Celia Rosalia', 'Choque','Alvarez', '0000-00-00', '2014-02-20 21:53:13', 'ADMIN', 'ACTIVO'),
(153, 1, 1, '3356472', 'Luis Fernando', 'Cardenas', 'Padilla', '0000-00-00', '2014-02-20 21:53:13', 'ADMIN', 'ACTIVO'),

(154,1,1,1,'anfitrion154','','',NOW(),NOW(),'ADMIN','ACTIVO'),
(155,1,1,1,'anfitrion155','','',NOW(),NOW(),'ADMIN','ACTIVO'),
(156,1,1,1,'anfitrion156','','',NOW(),NOW(),'ADMIN','ACTIVO'),
(157,1,1,1,'anfitrion157','','',NOW(),NOW(),'ADMIN','ACTIVO'),
(158,1,1,1,'anfitrion158','','',NOW(),NOW(),'ADMIN','ACTIVO'),
(159,1,1,1,'anfitrion159','','',NOW(),NOW(),'ADMIN','ACTIVO'),
(160,1,1,1,'anfitrion160','','',NOW(),NOW(),'ADMIN','ACTIVO'),
(161,1,1,1,'anfitrion161','','',NOW(),NOW(),'ADMIN','ACTIVO'),
(162,1,1,1,'anfitrion162','','',NOW(),NOW(),'ADMIN','ACTIVO'),
(163,1,1,1,'anfitrion163','','',NOW(),NOW(),'ADMIN','ACTIVO'),
(164,1,1,1,'anfitrion164','','',NOW(),NOW(),'ADMIN','ACTIVO'),
(165,1,1,1,'anfitrion165','','',NOW(),NOW(),'ADMIN','ACTIVO'),
(166,1,1,1,'anfitrion166','','',NOW(),NOW(),'ADMIN','ACTIVO'),
(167,1,1,1,'anfitrion167','','',NOW(),NOW(),'ADMIN','ACTIVO'),
(168,1,1,1,'anfitrion168','','',NOW(),NOW(),'ADMIN','ACTIVO'),
(169,1,1,1,'anfitrion169','','',NOW(),NOW(),'ADMIN','ACTIVO'),
(170,1,1,1,'anfitrion170','','',NOW(),NOW(),'ADMIN','ACTIVO'),
(171,1,1,1,'anfitrion171','','',NOW(),NOW(),'ADMIN','ACTIVO'),
(172,1,1,1,'anfitrion172','','',NOW(),NOW(),'ADMIN','ACTIVO'),
(173,1,1,1,'anfitrion173','','',NOW(),NOW(),'ADMIN','ACTIVO'),
(174,1,1,1,'anfitrion174','','',NOW(),NOW(),'ADMIN','ACTIVO'),
(175,1,1,1,'anfitrion175','','',NOW(),NOW(),'ADMIN','ACTIVO'),
(176,1,1,1,'anfitrion176','','',NOW(),NOW(),'ADMIN','ACTIVO'),
(177,1,1,1,'anfitrion177','','',NOW(),NOW(),'ADMIN','ACTIVO'),
(178,1,1,1,'anfitrion178','','',NOW(),NOW(),'ADMIN','ACTIVO'),
(179,1,1,1,'anfitrion179','','',NOW(),NOW(),'ADMIN','ACTIVO'),
(180,1,1,1,'anfitrion180','','',NOW(),NOW(),'ADMIN','ACTIVO'),
(181,1,1,1,'anfitrion181','','',NOW(),NOW(),'ADMIN','ACTIVO'),
(182,1,1,1,'anfitrion182','','',NOW(),NOW(),'ADMIN','ACTIVO'),
(183,1,1,1,'anfitrion183','','',NOW(),NOW(),'ADMIN','ACTIVO'),
(184,1,1,1,'anfitrion184','','',NOW(),NOW(),'ADMIN','ACTIVO'),
(185,1,1,1,'anfitrion185','','',NOW(),NOW(),'ADMIN','ACTIVO'),
(186,1,1,1,'anfitrion186','','',NOW(),NOW(),'ADMIN','ACTIVO'),
(187,1,1,1,'anfitrion187','','',NOW(),NOW(),'ADMIN','ACTIVO'),
(188,1,1,1,'anfitrion188','','',NOW(),NOW(),'ADMIN','ACTIVO'),
(189,1,1,1,'anfitrion189','','',NOW(),NOW(),'ADMIN','ACTIVO'),
(190,1,1,1,'anfitrion190','','',NOW(),NOW(),'ADMIN','ACTIVO'),
(191,1,1,1,'anfitrion191','','',NOW(),NOW(),'ADMIN','ACTIVO'),
(192,1,1,1,'anfitrion192','','',NOW(),NOW(),'ADMIN','ACTIVO'),
(193,1,1,1,'anfitrion193','','',NOW(),NOW(),'ADMIN','ACTIVO'),
(194,1,1,1,'anfitrion194','','',NOW(),NOW(),'ADMIN','ACTIVO'),
(195,1,1,1,'anfitrion195','','',NOW(),NOW(),'ADMIN','ACTIVO'),
(196,1,1,1,'anfitrion196','','',NOW(),NOW(),'ADMIN','ACTIVO'),
(197,1,1,1,'anfitrion197','','',NOW(),NOW(),'ADMIN','ACTIVO'),
(198,1,1,1,'anfitrion198','','',NOW(),NOW(),'ADMIN','ACTIVO'),
(199,1,1,1,'anfitrion199','','',NOW(),NOW(),'ADMIN','ACTIVO'),
(200,1,1,1,'anfitrion200','','',NOW(),NOW(),'ADMIN','ACTIVO'),
(201,1,1,1,'anfitrion201','','',NOW(),NOW(),'ADMIN','ACTIVO'),
(202,1,1,1,'anfitrion202','','',NOW(),NOW(),'ADMIN','ACTIVO'),
(203,1,1,1,'anfitrion203','','',NOW(),NOW(),'ADMIN','ACTIVO'),
(204,1,1,1,'anfitrion204','','',NOW(),NOW(),'ADMIN','ACTIVO'),
(205,1,1,1,'anfitrion205','','',NOW(),NOW(),'ADMIN','ACTIVO'),
(206,1,1,1,'anfitrion206','','',NOW(),NOW(),'ADMIN','ACTIVO'),
(207,1,1,1,'anfitrion207','','',NOW(),NOW(),'ADMIN','ACTIVO'),
(208,1,1,1,'anfitrion208','','',NOW(),NOW(),'ADMIN','ACTIVO'),
(209,1,1,1,'anfitrion209','','',NOW(),NOW(),'ADMIN','ACTIVO'),
(210,1,1,1,'anfitrion210','','',NOW(),NOW(),'ADMIN','ACTIVO'),
(211,1,1,1,'anfitrion211','','',NOW(),NOW(),'ADMIN','ACTIVO'),
(212,1,1,1,'anfitrion212','','',NOW(),NOW(),'ADMIN','ACTIVO'),
(213,1,1,1,'anfitrion213','','',NOW(),NOW(),'ADMIN','ACTIVO'),
(214,1,1,1,'anfitrion214','','',NOW(),NOW(),'ADMIN','ACTIVO'),

(215,1,1,1,'German','Zonco','',NOW(),NOW(),'ADMIN','ACTVO'),
(216,1,1,1,'Roxana','Jimenez','',NOW(),NOW(),'ADMIN','ACTVO'),
(217,1,1,1,'Silvia','Gutierrez','',NOW(),NOW(),'ADMIN','ACTVO'),
(218,1,1,1,'Paola','Teran','',NOW(),NOW(),'ADMIN','ACTVO'),
(219,1,1,1,'Paula Fabiola','Soria','Salvatierra',NOW(),NOW(),'ADMIN','ACTVO');


INSERT INTO `sa_usuarios` (`USUARIO_ID`, `USUARIO_FUNCIONARIO_ID`, `USUARIO_CODIGO`, `USUARIO_CLAVE`, `USUARIO_CONTROLAR_IP`, `USUARIO_REGISTRADO`, `USUARIO_MODIFICADO`, `USUARIO_USUARIO`, `USUARIO_ESTADO`, `USUARIO_CORREO`, `USUARIO_TIPO_USUARIO`, `USUARIO_DOMINIO`) VALUES
(1, 1, 'admin', '123', '1', '2013-06-24 00:00:00', '2013-06-24 00:00:00', 'admin'					, 'A', 'a@a.com', '1', '1'),
(2, 2, 'recaudador1', 'tartagal901', '1', '2013-06-24 00:00:00', '2013-06-24 00:00:00', 'admin'				, 'A', 'a@a.com', '1', '1'),
(3, 3, 'marcos.hanssen', '123', '1', '2013-06-24 00:00:00', '2013-06-24 00:00:00', 'admin'			, 'A', 'a@a.com', '1', '1'),
(4, 4, 'leonardo.duarte', '123', '1', '2013-06-24 00:00:00', '2013-06-24 00:00:00', 'admin'			, 'A', 'a@a.com', '1', '2'),
(5, 5, 'juan.barrientos', '123', '1', '2013-06-24 00:00:00', '2013-06-24 00:00:00', 'admin'			, 'A', 'a@a.com', '1', '2'),
(6, 6, 'luz.montecinos', '123', '1', '2013-06-24 00:00:00', '2013-06-24 00:00:00', 'admin'			, 'A', 'a@a.com', '1', '2'),
(7, 7, 'loyola.carrasco', '123', '1', '2013-06-24 00:00:00', '2013-06-24 00:00:00', 'admin'			, 'A', 'a@a.com', '1', '2'),
(8, 8, 'angela.escobar', '123', '1', '2013-06-24 00:00:00', '2013-06-24 00:00:00', 'admin'			, 'A', 'a@a.com', '1', '2'),
(9, 9, 'raphael.estevez', '123', '1', '2013-06-24 00:00:00', '2013-06-24 00:00:00', 'admin'			, 'A', 'a@a.com', '1', '2'),
(10, 10, 'setram', '123', '1', '2013-06-24 00:00:00', '2013-06-24 00:00:00', 'admin'				, 'A', 'a@a.com', '1', '1'),
(11, 11, 'julio.aguilar', '123', '1', '0000-00-00 00:00:00', '0000-00-00 00:00:00', 'ADMIN'			, 'B', 'a@gmail.com', '1', '1'),
(12, 12, 'maria.aguilar', '123', '1', '0000-00-00 00:00:00', '0000-00-00 00:00:00', 'ADMIN'			, 'A', 'a@gmail.com', '2', '2'),
(13, 13, 'patricia.aguilar', '123', '1', '0000-00-00 00:00:00', '0000-00-00 00:00:00', 'ADMIN'		, 'A', 'a@gmail.com', '3', '3'),
(14, 14, 'ingrid.aldana', '123', '1', '0000-00-00 00:00:00', '0000-00-00 00:00:00', 'ADMIN'			, 'A', 'a@gmail.com', '4', '4'),
(15, 15, 'rosizela.angulo', '123', '1', '0000-00-00 00:00:00', '0000-00-00 00:00:00', 'ADMIN'		, 'A', 'a@gmail.com', '5', '5'),
(16, 16, 'estefani.antezana', '123', '1', '0000-00-00 00:00:00', '0000-00-00 00:00:00', 'ADMIN'		, 'A', 'a@gmail.com', '6', '6'),
(17, 17, 'marisol.apaza', '123', '1', '0000-00-00 00:00:00', '0000-00-00 00:00:00', 'ADMIN'			, 'A', 'a@gmail.com', '7', '7'),
(18, 18, 'daniel.arcani', '123', '1', '0000-00-00 00:00:00', '0000-00-00 00:00:00', 'ADMIN'			, 'A', 'a@gmail.com', '8', '8'),
(19, 19, 'boris.arispe', '123', '1', '0000-00-00 00:00:00', '0000-00-00 00:00:00', 'ADMIN'			, 'A', 'a@gmail.com', '9', '9'),
(20, 20, 'marco.baltazar', '123', '1', '0000-00-00 00:00:00', '0000-00-00 00:00:00', 'ADMIN'		, 'A', 'a@gmail.com', '1', '1'),
(21, 21, 'pamela.bautista', '123', '1', '0000-00-00 00:00:00', '0000-00-00 00:00:00', 'ADMIN'		, 'A', 'a@gmail.com', '1', '1'),
(22, 22, 'micaela.bautista', '123', '1', '0000-00-00 00:00:00', '0000-00-00 00:00:00', 'ADMIN'		, 'A', 'a@gmail.com', '1', '1'),
(23, 23, 'emma.berrocal', '123', '1', '0000-00-00 00:00:00', '0000-00-00 00:00:00', 'ADMIN'			, 'A', 'a@gmail.com', '1', '1'),
(24, 24, 'claudia.branez', '123', '1', '0000-00-00 00:00:00', '0000-00-00 00:00:00', 'ADMIN'		, 'A', 'a@gmail.com', '1', '1'),
(25, 25, 'evelyn.bustillos', '123', '1', '0000-00-00 00:00:00', '0000-00-00 00:00:00', 'ADMIN'		, 'A', 'a@gmail.com', '1', '1'),
(26, 26, 'jenaro.cabrera', '123', '1', '0000-00-00 00:00:00', '0000-00-00 00:00:00', 'ADMIN'		, 'A', 'a@gmail.com', '1', '1'),
(27, 27, 'alicia.caceres', '123', '1', '0000-00-00 00:00:00', '0000-00-00 00:00:00', 'ADMIN'		, 'A', 'a@gmail.com', '1', '1'),
(28, 28, 'neyza.cadena', '123', '1', '0000-00-00 00:00:00', '0000-00-00 00:00:00', 'ADMIN'			, 'A', 'a@gmail.com', '1', '1'),
(29, 29, 'dolly.calle', '123', '1', '0000-00-00 00:00:00', '0000-00-00 00:00:00', 'ADMIN'			, 'A', 'a@gmail.com', '1', '1'),
(30, 30, 'vanesa.callisaya ', '123', '1', '0000-00-00 00:00:00', '0000-00-00 00:00:00', 'ADMIN'		, 'A', 'a@gmail.com', '2', '2'),
(31, 31, 'mary.callizaya', '123', '1', '0000-00-00 00:00:00', '0000-00-00 00:00:00', 'ADMIN'		, 'A', 'a@gmail.com', '2', '2'),
(32, 32, 'yuly.cardenas', '123', '1', '0000-00-00 00:00:00', '0000-00-00 00:00:00', 'ADMIN'			, 'A', 'a@gmail.com', '2', '2'),
(33, 33, 'julio.carrillo', '123', '1', '0000-00-00 00:00:00', '0000-00-00 00:00:00', 'ADMIN'		, 'A', 'a@gmail.com', '2', '2'),
(34, 34, 'samanta.castaneda', '123', '1', '0000-00-00 00:00:00', '0000-00-00 00:00:00', 'ADMIN'		, 'A', 'a@gmail.com', '2', '2'),
(35, 35, 'judith.castanon', '123', '1', '0000-00-00 00:00:00', '0000-00-00 00:00:00', 'ADMIN'		, 'A', 'a@gmail.com', '2', '2'),
(36, 36, 'marcelo.castillo', '123', '1', '0000-00-00 00:00:00', '0000-00-00 00:00:00', 'ADMIN'		, 'A', 'a@gmail.com', '2', '2'),
(37, 37, 'dayana.castro', '123', '1', '0000-00-00 00:00:00', '0000-00-00 00:00:00', 'ADMIN'			, 'A', 'a@gmail.com', '2', '2'),
(38, 38, 'orieta.castro', '123', '1', '0000-00-00 00:00:00', '0000-00-00 00:00:00', 'ADMIN'			, 'B', 'a@gmail.com', '2', '2'),
(39, 39, 'german.castro', '123', '1', '0000-00-00 00:00:00', '0000-00-00 00:00:00', 'ADMIN'			, 'A', 'a@gmail.com', '2', '2'),
(40, 40, 'candy.catacora', '123', '1', '0000-00-00 00:00:00', '0000-00-00 00:00:00', 'ADMIN'		, 'A', 'a@gmail.com', '3', '3'),
(41, 41, 'roxana.chambi', '123', '1', '0000-00-00 00:00:00', '0000-00-00 00:00:00', 'ADMIN'			, 'A', 'a@gmail.com', '3', '3'),
(42, 42, 'nano.chambi', '123', '1', '0000-00-00 00:00:00', '0000-00-00 00:00:00', 'ADMIN'			, 'A', 'a@gmail.com', '3', '3'),
(43, 43, 'ruth.chavez ', '123', '1', '0000-00-00 00:00:00', '0000-00-00 00:00:00', 'ADMIN'			, 'A', 'a@gmail.com', '3', '3'),
(44, 44, 'blanca.choque', '123', '1', '0000-00-00 00:00:00', '0000-00-00 00:00:00', 'ADMIN'			, 'A', 'a@gmail.com', '3', '3'),
(45, 45, 'rolando.chuquimia', '123', '1', '0000-00-00 00:00:00', '0000-00-00 00:00:00', 'ADMIN'		, 'A', 'a@gmail.com', '3', '3'),
(46, 46, 'susana.churqui', '123', '1', '0000-00-00 00:00:00', '0000-00-00 00:00:00', 'ADMIN'		, 'A', 'a@gmail.com', '3', '3'),
(47, 47, 'silvia.conde', '123', '1', '0000-00-00 00:00:00', '0000-00-00 00:00:00', 'ADMIN'			, 'A', 'a@gmail.com', '3', '3'),
(48, 48, 'wilfredo.condo', '123', '1', '0000-00-00 00:00:00', '0000-00-00 00:00:00', 'ADMIN'		, 'A', 'a@gmail.com', '3', '3'),
(49, 49, 'david.condori', '123', '1', '0000-00-00 00:00:00', '0000-00-00 00:00:00', 'ADMIN'			, 'A', 'a@gmail.com', '3', '3'),
(50, 50, 'rebeca.condori', '123', '1', '0000-00-00 00:00:00', '0000-00-00 00:00:00', 'ADMIN'		, 'A', 'a@gmail.com', '4', '4'),
(51, 51, 'reynaldo.cortez', '123', '1', '0000-00-00 00:00:00', '0000-00-00 00:00:00', 'ADMIN'		, 'A', 'a@gmail.com', '4', '4'),
(52, 52, 'yesica.crespo', '123', '1', '0000-00-00 00:00:00', '0000-00-00 00:00:00', 'ADMIN'			, 'A', 'a@gmail.com', '4', '4'),
(53, 53, 'julia.cruz', '123', '1', '0000-00-00 00:00:00', '0000-00-00 00:00:00', 'ADMIN'			, 'A', 'a@gmail.com', '4', '4'),
(54, 54, 'karen.cuevas', '123', '1', '0000-00-00 00:00:00', '0000-00-00 00:00:00', 'ADMIN'			, 'A', 'a@gmail.com', '4', '4'),
(55, 55, 'carolina.echeverri', '123', '1', '0000-00-00 00:00:00', '0000-00-00 00:00:00', 'ADMIN'	, 'A', 'a@gmail.com', '4', '4'),
(56, 56, 'monica.ergueta', '123', '1', '0000-00-00 00:00:00', '0000-00-00 00:00:00', 'ADMIN'		, 'A', 'a@gmail.com', '4', '4'),
(57, 57, 'ruth.escobar', '123', '1', '0000-00-00 00:00:00', '0000-00-00 00:00:00', 'ADMIN'			, 'A', 'a@gmail.com', '4', '4'),
(58, 58, 'esther.espejo', '123', '1', '0000-00-00 00:00:00', '0000-00-00 00:00:00', 'ADMIN'			, 'A', 'a@gmail.com', '4', '4'),
(59, 59, 'christian.flores', '123', '1', '0000-00-00 00:00:00', '0000-00-00 00:00:00', 'ADMIN'		, 'A', 'a@gmail.com', '4', '4'),
(60, 60, 'alex.flores ', '123', '1', '0000-00-00 00:00:00', '0000-00-00 00:00:00', 'ADMIN'			, 'A', 'a@gmail.com', '5', '5'),
(61, 61, 'marianela.garcia', '123', '1', '0000-00-00 00:00:00', '0000-00-00 00:00:00', 'ADMIN'		, 'A', 'a@gmail.com', '5', '5'),
(62, 62, 'erlan.garcia', '123', '1', '0000-00-00 00:00:00', '0000-00-00 00:00:00', 'ADMIN'			, 'A', 'a@gmail.com', '5', '5'),
(63, 63, 'evelin.gomezgarcia', '123', '1', '0000-00-00 00:00:00', '0000-00-00 00:00:00', 'ADMIN'	, 'A', 'a@gmail.com', '5', '5'),
(64, 64, 'mabel.gonzales', '123', '1', '0000-00-00 00:00:00', '0000-00-00 00:00:00', 'ADMIN'		, 'A', 'a@gmail.com', '5', '5'),
(65, 65, 'juan.gonzales', '123', '1', '0000-00-00 00:00:00', '0000-00-00 00:00:00', 'ADMIN'			, 'A', 'a@gmail.com', '5', '5'),
(66, 66, 'layda.gutierrez', '123', '1', '0000-00-00 00:00:00', '0000-00-00 00:00:00', 'ADMIN'		, 'A', 'a@gmail.com', '5', '5'),
(67, 67, 'luis.herrera', '123', '1', '0000-00-00 00:00:00', '0000-00-00 00:00:00', 'ADMIN'			, 'A', 'a@gmail.com', '5', '5'),
(68, 68, 'marcia.herrera', '123', '1', '0000-00-00 00:00:00', '0000-00-00 00:00:00', 'ADMIN'		, 'A', 'a@gmail.com', '5', '5'),
(69, 69, 'erika.huanca', '123', '1', '0000-00-00 00:00:00', '0000-00-00 00:00:00', 'ADMIN'			, 'A', 'a@gmail.com', '5', '5'),
(70, 70, 'freddy.kapcha', '123', '1', '0000-00-00 00:00:00', '0000-00-00 00:00:00', 'ADMIN'			, 'B', 'a@gmail.com', '6', '6'),
(71, 71, 'gonzalo.laura', '123', '1', '0000-00-00 00:00:00', '0000-00-00 00:00:00', 'ADMIN'			, 'A', 'a@gmail.com', '6', '6'),
(72, 72, 'erick.lima', '123', '1', '0000-00-00 00:00:00', '0000-00-00 00:00:00', 'ADMIN'			, 'A', 'a@gmail.com', '6', '6'),
(73, 73, 'marian.loayza', '123', '1', '0000-00-00 00:00:00', '0000-00-00 00:00:00', 'ADMIN'			, 'A', 'a@gmail.com', '6', '6'),
(74, 74, 'lina.llanque', '123', '1', '0000-00-00 00:00:00', '0000-00-00 00:00:00', 'ADMIN'			, 'A', 'a@gmail.com', '6', '6'),
(75, 75, 'gonzalo.machaca', '123', '1', '0000-00-00 00:00:00', '0000-00-00 00:00:00', 'ADMIN'		, 'A', 'a@gmail.com', '6', '6'),
(76, 76, 'mario.machaca', '123', '1', '0000-00-00 00:00:00', '0000-00-00 00:00:00', 'ADMIN'			, 'A', 'a@gmail.com', '6', '6'),
(77, 77, 'jhuly.machicado ', '123', '1', '0000-00-00 00:00:00', '0000-00-00 00:00:00', 'ADMIN'		, 'A', 'a@gmail.com', '6', '6'),
(78, 78, 'gonzalo.maldonado', '123', '1', '0000-00-00 00:00:00', '0000-00-00 00:00:00', 'ADMIN'		, 'A', 'a@gmail.com', '6', '6'),
(79, 79, 'maria.manrique', '123', '1', '0000-00-00 00:00:00', '0000-00-00 00:00:00', 'ADMIN'		, 'A', 'a@gmail.com', '6', '6'),
(80, 80, 'viviana.manzaneda', '123', '1', '0000-00-00 00:00:00', '0000-00-00 00:00:00', 'ADMIN'		, 'A', 'a@gmail.com', '7', '7'),
(81, 81, 'joaquin.marca', '123', '1', '0000-00-00 00:00:00', '0000-00-00 00:00:00', 'ADMIN'			, 'A', 'a@gmail.com', '7', '7'),
(82, 82, 'juan .martinez ', '123', '1', '0000-00-00 00:00:00', '0000-00-00 00:00:00', 'ADMIN'		, 'A', 'a@gmail.com', '7', '7'),
(83, 83, 'curie.merlo', '123', '1', '0000-00-00 00:00:00', '0000-00-00 00:00:00', 'ADMIN'			, 'A', 'a@gmail.com', '7', '7'),
(84, 84, 'lilian.monroy', '123', '1', '0000-00-00 00:00:00', '0000-00-00 00:00:00', 'ADMIN'			, 'A', 'a@gmail.com', '7', '7'),
(85, 85, 'nataly.morales', '123', '1', '0000-00-00 00:00:00', '0000-00-00 00:00:00', 'ADMIN'		, 'A', 'a@gmail.com', '7', '7'),
(86, 86, 'vladimir.ochoa', '123', '1', '0000-00-00 00:00:00', '0000-00-00 00:00:00', 'ADMIN'		, 'A', 'a@gmail.com', '7', '7'),
(87, 87, 'zenobio.paye ', '123', '1', '0000-00-00 00:00:00', '0000-00-00 00:00:00', 'ADMIN'			, 'A', 'a@gmail.com', '7', '7'),
(88, 88, 'cristian.poma', '123', '1', '0000-00-00 00:00:00', '0000-00-00 00:00:00', 'ADMIN'			, 'A', 'a@gmail.com', '7', '7'),
(89, 89, 'nancy.prado', '123', '1', '0000-00-00 00:00:00', '0000-00-00 00:00:00', 'ADMIN'			, 'A', 'a@gmail.com', '7', '7'),
(90, 90, 'sonia.quenallata', '123', '1', '0000-00-00 00:00:00', '0000-00-00 00:00:00', 'ADMIN'		, 'A', 'a@gmail.com', '8', '8'),
(91, 91, 'juan.quenta', '123', '1', '0000-00-00 00:00:00', '0000-00-00 00:00:00', 'ADMIN'			, 'A', 'a@gmail.com', '8', '8'),
(92, 92, 'susana.quiroga', '123', '1', '0000-00-00 00:00:00', '0000-00-00 00:00:00', 'ADMIN'		, 'A', 'a@gmail.com', '8', '8'),
(93, 93, 'maria .quiroz ', '123', '1', '0000-00-00 00:00:00', '0000-00-00 00:00:00', 'ADMIN'		, 'A', 'a@gmail.com', '8', '8'),
(94, 94, 'framar.quisbert', '123', '1', '0000-00-00 00:00:00', '0000-00-00 00:00:00', 'ADMIN'		, 'A', 'a@gmail.com', '8', '8'),
(95, 95, 'rocio.quisbert', '123', '1', '0000-00-00 00:00:00', '0000-00-00 00:00:00', 'ADMIN'		, 'A', 'a@gmail.com', '8', '8'),
(96, 96, 'eva.quispe', '123', '1', '0000-00-00 00:00:00', '0000-00-00 00:00:00', 'ADMIN'			, 'B', 'a@gmail.com', '8', '8'),
(97, 97, 'juan.quispe', '123', '1', '0000-00-00 00:00:00', '0000-00-00 00:00:00', 'ADMIN'			, 'A', 'a@gmail.com', '8', '8'),
(98, 98, 'jhon.ralde', '123', '1', '0000-00-00 00:00:00', '0000-00-00 00:00:00', 'ADMIN'			, 'A', 'a@gmail.com', '8', '8'),
(99, 99, 'iris.ramirez', '123', '1', '0000-00-00 00:00:00', '0000-00-00 00:00:00', 'ADMIN'			, 'A', 'a@gmail.com', '8', '8'),
(100, 100, 'luis.ramos', '123', '1', '0000-00-00 00:00:00', '0000-00-00 00:00:00', 'ADMIN'			, 'A', 'a@gmail.com', '9', '9'),
(101, 101, 'jorge.rios ', '123', '1', '0000-00-00 00:00:00', '0000-00-00 00:00:00', 'ADMIN'			, 'A', 'a@gmail.com', '9', '9'),
(102, 102, 'alex.rodriguez', '123', '1', '0000-00-00 00:00:00', '0000-00-00 00:00:00', 'ADMIN'		, 'A', 'a@gmail.com', '9', '9'),
(103, 103, 'marianela.rojas', '123', '1', '0000-00-00 00:00:00', '0000-00-00 00:00:00', 'ADMIN'		, 'A', 'a@gmail.com', '9', '9'),
(104, 104, 'martha.saenz', '123', '1', '0000-00-00 00:00:00', '0000-00-00 00:00:00', 'ADMIN'		, 'A', 'a@gmail.com', '9', '9'),
(105, 105, 'victor.salas', '123', '1', '0000-00-00 00:00:00', '0000-00-00 00:00:00', 'ADMIN'		, 'A', 'a@gmail.com', '9', '9'),
(106, 106, 'samuel.sanchez', '123', '1', '0000-00-00 00:00:00', '0000-00-00 00:00:00', 'ADMIN'		, 'A', 'a@gmail.com', '9', '9'),
(107, 107, 'kelly.sejas', '123', '1', '0000-00-00 00:00:00', '0000-00-00 00:00:00', 'ADMIN'			, 'A', 'a@gmail.com', '9', '9'),
(108, 108, 'sonia.selaya', '123', '1', '0000-00-00 00:00:00', '0000-00-00 00:00:00', 'ADMIN'		, 'A', 'a@gmail.com', '9', '9'),
(109, 109, 'silvia.chumacero', '123', '1', '0000-00-00 00:00:00', '0000-00-00 00:00:00', 'ADMIN'	, 'A', 'a@gmail.com', '9', '9'),
(110, 110, 'gloria.sinani', '123', '1', '0000-00-00 00:00:00', '0000-00-00 00:00:00', 'ADMIN'		, 'A', 'a@gmail.com', '1', '1'),
(111, 111, 'miguel.sullca', '123', '1', '0000-00-00 00:00:00', '0000-00-00 00:00:00', 'ADMIN'		, 'A', 'a@gmail.com', '1', '1'),
(112, 112, 'carlos.ticona', '123', '1', '0000-00-00 00:00:00', '0000-00-00 00:00:00', 'ADMIN'		, 'B', 'a@gmail.com', '1', '1'),
(113, 113, 'grover.ticona', '123', '1', '0000-00-00 00:00:00', '0000-00-00 00:00:00', 'ADMIN'		, 'A', 'a@gmail.com', '1', '1'),
(114, 114, 'rosmery.ticona', '123', '1', '0000-00-00 00:00:00', '0000-00-00 00:00:00', 'ADMIN'		, 'A', 'a@gmail.com', '1', '1'),
(115, 115, 'veronica.ticona', '123', '1', '0000-00-00 00:00:00', '0000-00-00 00:00:00', 'ADMIN'		, 'A', 'a@gmail.com', '1', '1'),
(116, 116, 'elizabeth.ticona', '123', '1', '0000-00-00 00:00:00', '0000-00-00 00:00:00', 'ADMIN'	, 'A', 'a@gmail.com', '1', '1'),
(117, 117, 'rene.valencia', '123', '1', '0000-00-00 00:00:00', '0000-00-00 00:00:00', 'ADMIN'		, 'A', 'a@gmail.com', '1', '1'),
(118, 118, 'luis.vargas', '123', '1', '0000-00-00 00:00:00', '0000-00-00 00:00:00', 'ADMIN'			, 'A', 'a@gmail.com', '1', '1'),
(119, 119, 'wilma.vargas', '123', '1', '0000-00-00 00:00:00', '0000-00-00 00:00:00', 'ADMIN'		, 'A', 'a@gmail.com', '1', '1'),
(120, 120, 'narda.vera', '123', '1', '0000-00-00 00:00:00', '0000-00-00 00:00:00', 'ADMIN'			, 'A', 'a@gmail.com', '1', '1'),
(121, 121, 'tatiana.villca', '123', '1', '0000-00-00 00:00:00', '0000-00-00 00:00:00', 'ADMIN'		, 'A', 'a@gmail.com', '1', '1'),
(122, 122, 'ingrid.viscarra', '123', '1', '0000-00-00 00:00:00', '0000-00-00 00:00:00', 'ADMIN'		, 'A', 'a@gmail.com', '1', '1'),
(123, 123, 'paola.zapata', '123', '1', '0000-00-00 00:00:00', '0000-00-00 00:00:00', 'ADMIN'		, 'A', 'a@gmail.com', '1', '1'),
(124, 124, 'jesus.zuniga', '123', '1', '0000-00-00 00:00:00', '0000-00-00 00:00:00', 'ADMIN'		, 'A', 'a@gmail.com', '1', '1'),
(125, 125, 'ana.zacarias', '123', '1', '0000-00-00 00:00:00', '0000-00-00 00:00:00', 'ADMIN'		, 'A', 'a@gmail.com', '1', '1'),
(126, 126, 'veronica.condori', '123', '1', '0000-00-00 00:00:00', '0000-00-00 00:00:00', 'ADMIN'	, 'A', 'a@gmail.com', '1', '1'),
(127, 127, 'ana.ramos ', '123', '1', '0000-00-00 00:00:00', '0000-00-00 00:00:00', 'ADMIN'			, 'A', 'a@gmail.com', '1', '1'),
(128, 128, 'jose.andia', '123', '1', '0000-00-00 00:00:00', '0000-00-00 00:00:00', 'ADMIN'			, 'A', 'a@gmail.com', '1', '1'),
(129, 129, 'estefany.arias ', '123', '1', '0000-00-00 00:00:00', '0000-00-00 00:00:00', 'ADMIN'		, 'A', 'a@gmail.com', '1', '1'),
(130, 130, 'lucy.bellesteros', '123', '1', '0000-00-00 00:00:00', '0000-00-00 00:00:00', 'ADMIN'	, 'A', 'a@gmail.com', '1', '1'),
(131, 131, 'robert.de la barra', '123', '1', '0000-00-00 00:00:00', '0000-00-00 00:00:00', 'ADMIN'	, 'A', 'a@gmail.com', '1', '1'),
(132, 132, 'rosa.flores', '123', '1', '0000-00-00 00:00:00', '0000-00-00 00:00:00', 'ADMIN'			, 'A', 'a@gmail.com', '1', '1'),
(133, 133, 'gladys.flores', '123', '1', '0000-00-00 00:00:00', '0000-00-00 00:00:00', 'ADMIN'		, 'B', 'a@gmail.com', '1', '1'),
(134, 134, 'claudia.fernadez ', '123', '1', '0000-00-00 00:00:00', '0000-00-00 00:00:00', 'ADMIN'	, 'A', 'a@gmail.com', '1', '1'),
(135, 135, 'giovana.guachalla', '123', '1', '0000-00-00 00:00:00', '0000-00-00 00:00:00', 'ADMIN'	, 'B', 'a@gmail.com', '1', '1'),
(136, 136, 'carmen.chirino', '123', '1', '0000-00-00 00:00:00', '0000-00-00 00:00:00', 'ADMIN'		, 'A', 'a@gmail.com', '1', '1'),
(137, 137, 'virginia.janco', '123', '1', '0000-00-00 00:00:00', '0000-00-00 00:00:00', 'ADMIN'		, 'A', 'a@gmail.com', '1', '1'),
(138, 138, 'rodrgo.marin', '123', '1', '0000-00-00 00:00:00', '0000-00-00 00:00:00', 'ADMIN'		, 'A', 'a@gmail.com', '1', '1'),
(139, 139, 'soledad.pathi', '123', '1', '0000-00-00 00:00:00', '0000-00-00 00:00:00', 'ADMIN'		, 'A', 'a@gmail.com', '1', '1'),
(140, 140, 'silva.pillco', '123', '1', '0000-00-00 00:00:00', '0000-00-00 00:00:00', 'ADMIN'		, 'A', 'a@gmail.com', '1', '1'),
(141, 141, 'ruben.poma ', '123', '1', '0000-00-00 00:00:00', '0000-00-00 00:00:00', 'ADMIN'			, 'A', 'a@gmail.com', '1', '1'),
(142, 142, 'virginia.titto', '123', '1', '0000-00-00 00:00:00', '0000-00-00 00:00:00', 'ADMIN'		, 'A', 'a@gmail.com', '1', '1'),
(143, 143, 'marco.mayta', '123', '1', '0000-00-00 00:00:00', '0000-00-00 00:00:00', 'ADMIN'			, 'B', 'a@gmail.com', '1', '1'),
(144, 144, 'osmar.rojas ', '123', '1', '0000-00-00 00:00:00', '0000-00-00 00:00:00', 'ADMIN'		, 'A', 'a@gmail.com', '1', '1'),

(145, 145, 'marco.maytacoca' 		, '123', '1', '0000-00-00 00:00:00', '0000-00-00 00:00:00', 'ADMIN'		, 'A', 'a@gmail.com', '1', '1'),
(146, 146, 'abigail.pinto'		, '123', '1', '0000-00-00 00:00:00', '0000-00-00 00:00:00', 'ADMIN'		, 'A', 'a@gmail.com', '1', '1'),
(147, 147, 'dennis.zarco'		, '123', '1', '0000-00-00 00:00:00', '0000-00-00 00:00:00', 'ADMIN'		, 'A', 'a@gmail.com', '1', '1'),
(148, 148, 'luis.sucaticona'	, '123', '1', '0000-00-00 00:00:00', '0000-00-00 00:00:00', 'ADMIN'		, 'A', 'a@gmail.com', '1', '1'),
(149, 149, 'ivan.mamani'		, '123', '1', '0000-00-00 00:00:00', '0000-00-00 00:00:00', 'ADMIN'		, 'A', 'a@gmail.com', '1', '1'),
(150, 150, 'richard.aguilar'	, '123', '1', '0000-00-00 00:00:00', '0000-00-00 00:00:00', 'ADMIN'		, 'A', 'a@gmail.com', '1', '1'),
(151, 151, 'alejandro.zurita'	, '123', '1', '0000-00-00 00:00:00', '0000-00-00 00:00:00', 'ADMIN'		, 'A', 'a@gmail.com', '1', '1'),
(152, 152, 'celia.choque'		, '123', '1', '0000-00-00 00:00:00', '0000-00-00 00:00:00', 'ADMIN'		, 'A', 'a@gmail.com', '1', '1'),
(153, 153, 'luis.cardenas'		, '123', '1', '0000-00-00 00:00:00', '0000-00-00 00:00:00', 'ADMIN'		, 'A', 'a@gmail.com', '1', '1'),

(154,154,'anfitrion154','mano154',1,NOW(),NOW(),'ADMIN','A','a@gmail.com',1,1),
(155,155,'anfitrion155','pie155',1,NOW(),NOW(),'ADMIN','A','a@gmail.com',1,1),
(156,156,'anfitrion156','cara156',1,NOW(),NOW(),'ADMIN','A','a@gmail.com',1,1),
(157,157,'anfitrion157','dedo157',1,NOW(),NOW(),'ADMIN','A','a@gmail.com',1,1),
(158,158,'anfitrion158','cabello158',1,NOW(),NOW(),'ADMIN','A','a@gmail.com',1,1),
(159,159,'anfitrion159','pan159',1,NOW(),NOW(),'ADMIN','A','a@gmail.com',1,1),
(160,160,'anfitrion160','platano160',1,NOW(),NOW(),'ADMIN','A','a@gmail.com',1,1),
(161,161,'anfitrion161','postre161',1,NOW(),NOW(),'ADMIN','A','a@gmail.com',1,1),
(162,162,'anfitrion162','pierna162',1,NOW(),NOW(),'ADMIN','A','a@gmail.com',1,1),
(163,163,'anfitrion163','chompa163',1,NOW(),NOW(),'ADMIN','A','a@gmail.com',1,1),
(164,164,'anfitrion164','pantalon164',1,NOW(),NOW(),'ADMIN','A','a@gmail.com',1,1),
(165,165,'anfitrion165','goma165',1,NOW(),NOW(),'ADMIN','A','a@gmail.com',1,1),
(166,166,'anfitrion166','tajador166',1,NOW(),NOW(),'ADMIN','A','a@gmail.com',1,1),
(167,167,'anfitrion167','pera167',1,NOW(),NOW(),'ADMIN','A','a@gmail.com',1,1),
(168,168,'anfitrion168','sombrero168',1,NOW(),NOW(),'ADMIN','A','a@gmail.com',1,1),
(169,169,'anfitrion169','calle169',1,NOW(),NOW(),'ADMIN','A','a@gmail.com',1,1),
(170,170,'anfitrion170','galleta170',1,NOW(),NOW(),'ADMIN','A','a@gmail.com',1,1),
(171,171,'anfitrion171','tuna171',1,NOW(),NOW(),'ADMIN','A','a@gmail.com',1,1),
(172,172,'anfitrion172','luna172',1,NOW(),NOW(),'ADMIN','A','a@gmail.com',1,1),
(173,173,'anfitrion173','sol173',1,NOW(),NOW(),'ADMIN','A','a@gmail.com',1,1),
(174,174,'anfitrion174','estrella174',1,NOW(),NOW(),'ADMIN','A','a@gmail.com',1,1),
(175,175,'anfitrion175','cama175',1,NOW(),NOW(),'ADMIN','A','a@gmail.com',1,1),
(176,176,'anfitrion176','catre176',1,NOW(),NOW(),'ADMIN','A','a@gmail.com',1,1),
(177,177,'anfitrion177','tapa177',1,NOW(),NOW(),'ADMIN','A','a@gmail.com',1,1),
(178,178,'anfitrion178','papel178',1,NOW(),NOW(),'ADMIN','A','a@gmail.com',1,1),
(179,179,'anfitrion179','gorra179',1,NOW(),NOW(),'ADMIN','A','a@gmail.com',1,1),
(180,180,'anfitrion180','sapo180',1,NOW(),NOW(),'ADMIN','A','a@gmail.com',1,1),
(181,181,'anfitrion181','celular181',1,NOW(),NOW(),'ADMIN','A','a@gmail.com',1,1),
(182,182,'anfitrion182','lentes182',1,NOW(),NOW(),'ADMIN','A','a@gmail.com',1,1),
(183,183,'anfitrion183','cuaderno183',1,NOW(),NOW(),'ADMIN','A','a@gmail.com',1,1),
(184,184,'anfitrion184','radio184',1,NOW(),NOW(),'ADMIN','A','a@gmail.com',1,1),
(185,185,'anfitrion185','rosa185',1,NOW(),NOW(),'ADMIN','A','a@gmail.com',1,1),
(186,186,'anfitrion186','silla186',1,NOW(),NOW(),'ADMIN','A','a@gmail.com',1,1),
(187,187,'anfitrion187','boleta187',1,NOW(),NOW(),'ADMIN','A','a@gmail.com',1,1),
(188,188,'anfitrion188','soda188',1,NOW(),NOW(),'ADMIN','A','a@gmail.com',1,1),
(189,189,'anfitrion189','foco189',1,NOW(),NOW(),'ADMIN','A','a@gmail.com',1,1),
(190,190,'anfitrion190','foca190',1,NOW(),NOW(),'ADMIN','A','a@gmail.com',1,1),
(191,191,'anfitrion191','pepa191',1,NOW(),NOW(),'ADMIN','A','a@gmail.com',1,1),
(192,192,'anfitrion192','pepe192',1,NOW(),NOW(),'ADMIN','A','a@gmail.com',1,1),
(193,193,'anfitrion193','paleta193',1,NOW(),NOW(),'ADMIN','A','a@gmail.com',1,1),
(194,194,'anfitrion194','chuleta194',1,NOW(),NOW(),'ADMIN','A','a@gmail.com',1,1),
(195,195,'anfitrion195','vaso195',1,NOW(),NOW(),'ADMIN','A','a@gmail.com',1,1),
(196,196,'anfitrion196','rojo196',1,NOW(),NOW(),'ADMIN','A','a@gmail.com',1,1),
(197,197,'anfitrion197','verde197',1,NOW(),NOW(),'ADMIN','A','a@gmail.com',1,1),
(198,198,'anfitrion198','rada198',1,NOW(),NOW(),'ADMIN','A','a@gmail.com',1,1),
(199,199,'anfitrion199','negro199',1,NOW(),NOW(),'ADMIN','A','a@gmail.com',1,1),
(200,200,'anfitrion200','amarillo200',1,NOW(),NOW(),'ADMIN','A','a@gmail.com',1,1),
(201,201,'anfitrion201','regla201',1,NOW(),NOW(),'ADMIN','A','a@gmail.com',1,1),
(202,202,'anfitrion202','monitor202',1,NOW(),NOW(),'ADMIN','A','a@gmail.com',1,1),
(203,203,'anfitrion203','uva203',1,NOW(),NOW(),'ADMIN','A','a@gmail.com',1,1),
(204,204,'anfitrion204','chocolate204',1,NOW(),NOW(),'ADMIN','A','a@gmail.com',1,1),
(205,205,'anfitrion205','leche205',1,NOW(),NOW(),'ADMIN','A','a@gmail.com',1,1),
(206,206,'anfitrion206','guante206',1,NOW(),NOW(),'ADMIN','A','a@gmail.com',1,1),
(207,207,'anfitrion207','libro207',1,NOW(),NOW(),'ADMIN','A','a@gmail.com',1,1),
(208,208,'anfitrion208','umsa208',1,NOW(),NOW(),'ADMIN','A','a@gmail.com',1,1),
(209,209,'anfitrion209','plancha209',1,NOW(),NOW(),'ADMIN','A','a@gmail.com',1,1),
(210,210,'anfitrion210','casa210',1,NOW(),NOW(),'ADMIN','A','a@gmail.com',1,1),
(211,211,'anfitrion211','diente211',1,NOW(),NOW(),'ADMIN','A','a@gmail.com',1,1),
(212,212,'anfitrion212','normal212',1,NOW(),NOW(),'ADMIN','A','a@gmail.com',1,1),
(213,213,'anfitrion213','flaco213',1,NOW(),NOW(),'ADMIN','A','a@gmail.com',1,1),
(214,214,'anfitrion214','gordo214',1,NOW(),NOW(),'ADMIN','A','a@gmail.com',1,1),

(215,215,'german.zonco','tenedor215',1,NOW(),NOW(),'ADMIN','A','a@gmail.com',1,1),
(216,216,'roxana.jimenez','caldera216',1,NOW(),NOW(),'ADMIN','A','a@gmail.com',1,1),
(217,217,'silvia.gutierrez','olla217',1,NOW(),NOW(),'ADMIN','A','a@gmail.com',1,1),
(218,218,'paola.teran','ola218',1,NOW(),NOW(),'ADMIN','A','a@gmail.com',1,1),
(219,219,'paula.soria','pala219',1,NOW(),NOW(),'ADMIN','A','a@gmail.com',1,1);



INSERT INTO `sa_usuario_tipos_funcionario` (`UTF_ID`, `UTF_USUARIO_ID`, `UTF_TIPO_FUNCIONARIO_ID`, `UTF_REGISTRADO`, `UTF_MODIFICADO`, `UTF_USUARIO`, `UTF_ESTADO`) VALUES
(1, 1, 1, '2013-06-24 00:00:00', '2013-06-24 00:00:00', 'admin'		, 'A'),
(2, 2, 2, '2013-06-24 00:00:00', '2013-06-24 00:00:00', 'admin'		, 'A'),
(3, 3, 4, '2013-06-24 00:00:00', '2013-06-24 00:00:00', 'admin'		, 'A'),
(4, 4, 4, '2013-06-24 00:00:00', '2013-06-24 00:00:00', 'admin'		, 'A'),
(5, 5, 4, '2013-06-24 00:00:00', '2013-06-24 00:00:00', 'admin'		, 'A'),
(6, 6, 4, '2013-06-24 00:00:00', '2013-06-24 00:00:00', 'admin'		, 'A'),
(7, 7, 4, '2013-06-24 00:00:00', '2013-06-24 00:00:00', 'admin'		, 'A'),
(8, 8, 4, '2013-06-24 00:00:00', '2013-06-24 00:00:00', 'admin'		, 'A'),
(9, 9, 4, '2013-06-24 00:00:00', '2013-06-24 00:00:00', 'admin'		, 'A'),
(10, 10, 6, '2013-06-24 00:00:00', '2013-06-24 00:00:00', 'admin'	, 'A'),
(11, 11, 5,'2013-06-24 00:00:00', '2013-06-24 00:00:00', 'admin'	, 'B'),
(12, 12, 5,'2013-06-24 00:00:00', '2013-06-24 00:00:00', 'admin'    , 'A'),
(13, 13, 5,'2013-06-24 00:00:00', '2013-06-24 00:00:00', 'admin'    , 'A'),
(14, 14, 5,'2013-06-24 00:00:00', '2013-06-24 00:00:00', 'admin'    , 'A'),
(15, 15, 5,'2013-06-24 00:00:00', '2013-06-24 00:00:00', 'admin'    , 'A'),
(16, 16, 5,'2013-06-24 00:00:00', '2013-06-24 00:00:00', 'admin'    , 'A'),
(17, 17, 5,'2013-06-24 00:00:00', '2013-06-24 00:00:00', 'admin'    , 'A'),
(18, 18, 5,'2013-06-24 00:00:00', '2013-06-24 00:00:00', 'admin'    , 'A'),
(19, 19, 5,'2013-06-24 00:00:00', '2013-06-24 00:00:00', 'admin'    , 'A'),
(20, 20, 5,'2013-06-24 00:00:00', '2013-06-24 00:00:00', 'admin'    , 'A'),
(21, 21, 5,'2013-06-24 00:00:00', '2013-06-24 00:00:00', 'admin'    , 'A'),
(22, 22, 5,'2013-06-24 00:00:00', '2013-06-24 00:00:00', 'admin'    , 'A'),
(23, 23, 5,'2013-06-24 00:00:00', '2013-06-24 00:00:00', 'admin'    , 'A'),
(24, 24, 5,'2013-06-24 00:00:00', '2013-06-24 00:00:00', 'admin'    , 'A'),
(25, 25, 5,'2013-06-24 00:00:00', '2013-06-24 00:00:00', 'admin'    , 'A'),
(26, 26, 5,'2013-06-24 00:00:00', '2013-06-24 00:00:00', 'admin'    , 'A'),
(27, 27, 5,'2013-06-24 00:00:00', '2013-06-24 00:00:00', 'admin'    , 'A'),
(28, 28, 5,'2013-06-24 00:00:00', '2013-06-24 00:00:00', 'admin'    , 'A'),
(29, 29, 5,'2013-06-24 00:00:00', '2013-06-24 00:00:00', 'admin'    , 'A'),
(30, 30, 5,'2013-06-24 00:00:00', '2013-06-24 00:00:00', 'admin'    , 'A'),
(31, 31, 5,'2013-06-24 00:00:00', '2013-06-24 00:00:00', 'admin'    , 'A'),
(32, 32, 5,'2013-06-24 00:00:00', '2013-06-24 00:00:00', 'admin'    , 'A'),
(33, 33, 5,'2013-06-24 00:00:00', '2013-06-24 00:00:00', 'admin'    , 'A'),
(34, 34, 5,'2013-06-24 00:00:00', '2013-06-24 00:00:00', 'admin'    , 'A'),
(35, 35, 5,'2013-06-24 00:00:00', '2013-06-24 00:00:00', 'admin'    , 'A'),
(36, 36, 5,'2013-06-24 00:00:00', '2013-06-24 00:00:00', 'admin'    , 'A'),
(37, 37, 5,'2013-06-24 00:00:00', '2013-06-24 00:00:00', 'admin'    , 'A'),
(38, 38, 5,'2013-06-24 00:00:00', '2013-06-24 00:00:00', 'admin'    , 'B'),
(39, 39, 5,'2013-06-24 00:00:00', '2013-06-24 00:00:00', 'admin'    , 'A'),
(40, 40, 5,'2013-06-24 00:00:00', '2013-06-24 00:00:00', 'admin'    , 'A'),
(41, 41, 5,'2013-06-24 00:00:00', '2013-06-24 00:00:00', 'admin'    , 'A'),
(42, 42, 5,'2013-06-24 00:00:00', '2013-06-24 00:00:00', 'admin'	, 'A'),
(43, 43, 5,'2013-06-24 00:00:00', '2013-06-24 00:00:00', 'admin'	, 'A'),
(44, 44, 5,'2013-06-24 00:00:00', '2013-06-24 00:00:00', 'admin'	, 'A'),
(45, 45, 5,'2013-06-24 00:00:00', '2013-06-24 00:00:00', 'admin'	, 'A'),
(46, 46, 5,'2013-06-24 00:00:00', '2013-06-24 00:00:00', 'admin'	, 'A'),
(47, 47, 5,'2013-06-24 00:00:00', '2013-06-24 00:00:00', 'admin'	, 'A'),
(48, 48, 5,'2013-06-24 00:00:00', '2013-06-24 00:00:00', 'admin'	, 'A'),
(49, 49, 5,'2013-06-24 00:00:00', '2013-06-24 00:00:00', 'admin'	, 'A'),
(50, 50, 5,'2013-06-24 00:00:00', '2013-06-24 00:00:00', 'admin'	, 'A'),
(51, 51, 5,'2013-06-24 00:00:00', '2013-06-24 00:00:00', 'admin'	, 'A'),
(52, 52, 5,'2013-06-24 00:00:00', '2013-06-24 00:00:00', 'admin'	, 'A'),
(53, 53, 5,'2013-06-24 00:00:00', '2013-06-24 00:00:00', 'admin'	, 'A'),
(54, 54, 5,'2013-06-24 00:00:00', '2013-06-24 00:00:00', 'admin'	, 'A'),
(55, 55, 5,'2013-06-24 00:00:00', '2013-06-24 00:00:00', 'admin'	, 'A'),
(56, 56, 5,'2013-06-24 00:00:00', '2013-06-24 00:00:00', 'admin'	, 'A'),
(57, 57, 5,'2013-06-24 00:00:00', '2013-06-24 00:00:00', 'admin'	, 'A'),
(58, 58, 5,'2013-06-24 00:00:00', '2013-06-24 00:00:00', 'admin'	, 'A'),
(59, 59, 5,'2013-06-24 00:00:00', '2013-06-24 00:00:00', 'admin'	, 'A'),
(60, 60, 5,'2013-06-24 00:00:00', '2013-06-24 00:00:00', 'admin'	, 'A'),
(61, 61, 5,'2013-06-24 00:00:00', '2013-06-24 00:00:00', 'admin'	, 'A'),
(62, 62, 5,'2013-06-24 00:00:00', '2013-06-24 00:00:00', 'admin'	, 'A'),
(63, 63, 5,'2013-06-24 00:00:00', '2013-06-24 00:00:00', 'admin'	, 'A'),
(64, 64, 5,'2013-06-24 00:00:00', '2013-06-24 00:00:00', 'admin'	, 'A'),
(65, 65, 5,'2013-06-24 00:00:00', '2013-06-24 00:00:00', 'admin'	, 'A'),
(66, 66, 5,'2013-06-24 00:00:00', '2013-06-24 00:00:00', 'admin'	, 'A'),
(67, 67, 5,'2013-06-24 00:00:00', '2013-06-24 00:00:00', 'admin'	, 'A'),
(68, 68, 5,'2013-06-24 00:00:00', '2013-06-24 00:00:00', 'admin'	, 'A'),
(69, 69, 5,'2013-06-24 00:00:00', '2013-06-24 00:00:00', 'admin'	, 'A'),
(70, 70, 5,'2013-06-24 00:00:00', '2013-06-24 00:00:00', 'admin'	, 'B'),
(71, 71, 5,'2013-06-24 00:00:00', '2013-06-24 00:00:00', 'admin'	, 'A'),
(72, 72, 5,'2013-06-24 00:00:00', '2013-06-24 00:00:00', 'admin'	, 'A'),
(73, 73, 5,'2013-06-24 00:00:00', '2013-06-24 00:00:00', 'admin'	, 'A'),
(74, 74, 5,'2013-06-24 00:00:00', '2013-06-24 00:00:00', 'admin'	, 'A'),
(75, 75, 5,'2013-06-24 00:00:00', '2013-06-24 00:00:00', 'admin'	, 'A'),
(76, 76, 5,'2013-06-24 00:00:00', '2013-06-24 00:00:00', 'admin'	, 'A'),
(77, 77, 5,'2013-06-24 00:00:00', '2013-06-24 00:00:00', 'admin'	, 'A'),
(78, 78, 5,'2013-06-24 00:00:00', '2013-06-24 00:00:00', 'admin'	, 'A'),
(79, 79, 5,'2013-06-24 00:00:00', '2013-06-24 00:00:00', 'admin'	, 'A'),
(80, 80, 5,'2013-06-24 00:00:00', '2013-06-24 00:00:00', 'admin'	, 'A'),
(81, 81, 5,'2013-06-24 00:00:00', '2013-06-24 00:00:00', 'admin'	, 'A'),
(82, 82, 5,'2013-06-24 00:00:00', '2013-06-24 00:00:00', 'admin'	, 'A'),
(83, 83, 5,'2013-06-24 00:00:00', '2013-06-24 00:00:00', 'admin'	, 'A'),
(84, 84, 5,'2013-06-24 00:00:00', '2013-06-24 00:00:00', 'admin'	, 'A'),
(85, 85, 5,'2013-06-24 00:00:00', '2013-06-24 00:00:00', 'admin'	, 'A'),
(86, 86, 5,'2013-06-24 00:00:00', '2013-06-24 00:00:00', 'admin'	, 'A'),
(87, 87, 5,'2013-06-24 00:00:00', '2013-06-24 00:00:00', 'admin'	, 'A'),
(88, 88, 5,'2013-06-24 00:00:00', '2013-06-24 00:00:00', 'admin'	, 'A'),
(89, 89, 5,'2013-06-24 00:00:00', '2013-06-24 00:00:00', 'admin'	, 'A'),
(90, 90, 5,'2013-06-24 00:00:00', '2013-06-24 00:00:00', 'admin'	, 'A'),
(91, 91, 5,'2013-06-24 00:00:00', '2013-06-24 00:00:00', 'admin'	, 'A'),
(92, 92, 5,'2013-06-24 00:00:00', '2013-06-24 00:00:00', 'admin'	, 'A'),
(93, 93, 5,'2013-06-24 00:00:00', '2013-06-24 00:00:00', 'admin'	, 'A'),
(94, 94, 5,'2013-06-24 00:00:00', '2013-06-24 00:00:00', 'admin'	, 'A'),
(95, 95, 5,'2013-06-24 00:00:00', '2013-06-24 00:00:00', 'admin'	, 'A'),
(96, 96, 5,'2013-06-24 00:00:00', '2013-06-24 00:00:00', 'admin'	, 'B'),
(97, 97, 5,'2013-06-24 00:00:00', '2013-06-24 00:00:00', 'admin'	, 'A'),
(98, 98, 5,'2013-06-24 00:00:00', '2013-06-24 00:00:00', 'admin'	, 'A'),
(99, 99, 5,'2013-06-24 00:00:00', '2013-06-24 00:00:00', 'admin'	, 'A'),
(100, 100,5,'2013-06-24 00:00:00', '2013-06-24 00:00:00', 'admin'	, 'A'), 
(101, 101,5,'2013-06-24 00:00:00', '2013-06-24 00:00:00', 'admin'	, 'A'), 
(102, 102,5,'2013-06-24 00:00:00', '2013-06-24 00:00:00', 'admin'	, 'A'), 
(103, 103,5,'2013-06-24 00:00:00', '2013-06-24 00:00:00', 'admin'	, 'A'), 
(104, 104,5,'2013-06-24 00:00:00', '2013-06-24 00:00:00', 'admin'	, 'A'), 
(105, 105,5,'2013-06-24 00:00:00', '2013-06-24 00:00:00', 'admin'	, 'A'), 
(106, 106,5,'2013-06-24 00:00:00', '2013-06-24 00:00:00', 'admin'	, 'A'), 
(107, 107,5, '2013-06-24 00:00:00', '2013-06-24 00:00:00', 'admin'	, 'A'),
(108, 108,5, '2013-06-24 00:00:00', '2013-06-24 00:00:00', 'admin'	, 'A'),
(109, 109,5, '2013-06-24 00:00:00', '2013-06-24 00:00:00', 'admin'	, 'A'),
(110, 110,5, '2013-06-24 00:00:00', '2013-06-24 00:00:00', 'admin'	, 'A'),
(111, 111,5, '2013-06-24 00:00:00', '2013-06-24 00:00:00', 'admin'	, 'A'),
(112, 112,5, '2013-06-24 00:00:00', '2013-06-24 00:00:00', 'admin'	, 'B'),
(113, 113,5, '2013-06-24 00:00:00', '2013-06-24 00:00:00', 'admin'	, 'A'),
(114, 114,5, '2013-06-24 00:00:00', '2013-06-24 00:00:00', 'admin'	, 'A'),
(115, 115,5, '2013-06-24 00:00:00', '2013-06-24 00:00:00', 'admin'	, 'A'),
(116, 116,5, '2013-06-24 00:00:00', '2013-06-24 00:00:00', 'admin'	, 'A'),
(117, 117,5, '2013-06-24 00:00:00', '2013-06-24 00:00:00', 'admin'	, 'A'),
(118, 118,5, '2013-06-24 00:00:00', '2013-06-24 00:00:00', 'admin'	, 'A'),
(119, 119,5, '2013-06-24 00:00:00', '2013-06-24 00:00:00', 'admin'	, 'A'),
(120, 120,5, '2013-06-24 00:00:00', '2013-06-24 00:00:00', 'admin'	, 'A'),
(121, 121,5, '2013-06-24 00:00:00', '2013-06-24 00:00:00', 'admin'	, 'A'),
(122, 122,5, '2013-06-24 00:00:00', '2013-06-24 00:00:00', 'admin'	, 'A'),
(123, 123,5, '2013-06-24 00:00:00', '2013-06-24 00:00:00', 'admin'	, 'A'),
(124, 124,5, '2013-06-24 00:00:00', '2013-06-24 00:00:00', 'admin'	, 'A'),
(125, 125,5, '2013-06-24 00:00:00', '2013-06-24 00:00:00', 'admin'	, 'A'),
(126, 126,5, '2013-06-24 00:00:00', '2013-06-24 00:00:00', 'admin'	, 'A'),
(127, 127,5, '2013-06-24 00:00:00', '2013-06-24 00:00:00', 'admin'	, 'A'),
(128, 128,5, '2013-06-24 00:00:00', '2013-06-24 00:00:00', 'admin'	, 'A'),
(129, 129,5, '2013-06-24 00:00:00', '2013-06-24 00:00:00', 'admin'	, 'A'),
(130, 130,5, '2013-06-24 00:00:00', '2013-06-24 00:00:00', 'admin'	, 'A'),
(131, 131,5,  '2013-06-24 00:00:00', '2013-06-24 00:00:00', 'admin'	, 'A'),
(132, 132,5,  '2013-06-24 00:00:00', '2013-06-24 00:00:00', 'admin'	, 'A'),
(133, 133,5,  '2013-06-24 00:00:00', '2013-06-24 00:00:00', 'admin'	, 'B'),
(134, 134,5,  '2013-06-24 00:00:00', '2013-06-24 00:00:00', 'admin'	, 'A'),
(135, 135,5,  '2013-06-24 00:00:00', '2013-06-24 00:00:00', 'admin'	, 'A'),
(136, 136,5,  '2013-06-24 00:00:00', '2013-06-24 00:00:00', 'admin'	, 'A'),
(137, 137,5,  '2013-06-24 00:00:00', '2013-06-24 00:00:00', 'admin'	, 'A'),
(138, 138,5,  '2013-06-24 00:00:00', '2013-06-24 00:00:00', 'admin'	, 'A'),
(139, 139,5,  '2013-06-24 00:00:00', '2013-06-24 00:00:00', 'admin'	, 'A'),
(140, 140,5,  '2013-06-24 00:00:00', '2013-06-24 00:00:00', 'admin'	, 'A'),
(141, 141,5,  '2013-06-24 00:00:00', '2013-06-24 00:00:00', 'admin'	, 'A'),
(142, 142,5,  '2013-06-24 00:00:00', '2013-06-24 00:00:00', 'admin'	, 'A'),
(143, 143,5,  '2013-06-24 00:00:00', '2013-06-24 00:00:00', 'admin'	, 'B'),
(144, 144,5,  '2013-06-24 00:00:00', '2013-06-24 00:00:00', 'admin'	, 'A'),

(145, 145,5,  '2013-06-24 00:00:00', '2013-06-24 00:00:00', 'admin'	, 'A'),
(146, 146,5,  '2013-06-24 00:00:00', '2013-06-24 00:00:00', 'admin'	, 'A'),
(147, 147,5,  '2013-06-24 00:00:00', '2013-06-24 00:00:00', 'admin'	, 'A'),
(148, 148,5,  '2013-06-24 00:00:00', '2013-06-24 00:00:00', 'admin'	, 'A'),
(149, 149,5,  '2013-06-24 00:00:00', '2013-06-24 00:00:00', 'admin'	, 'A'),
(150, 150,5,  '2013-06-24 00:00:00', '2013-06-24 00:00:00', 'admin'	, 'A'),
(151, 151,5,  '2013-06-24 00:00:00', '2013-06-24 00:00:00', 'admin'	, 'A'),
(152, 152,5,  '2013-06-24 00:00:00', '2013-06-24 00:00:00', 'admin'	, 'A'),
(153, 153,5,  '2013-06-24 00:00:00', '2013-06-24 00:00:00', 'admin'	, 'A'),

(154,154,5,NOW(),NOW(),'admin','A'),
(155,155,5,NOW(),NOW(),'admin','A'),
(156,156,5,NOW(),NOW(),'admin','A'),
(157,157,5,NOW(),NOW(),'admin','A'),
(158,158,5,NOW(),NOW(),'admin','A'),
(159,159,5,NOW(),NOW(),'admin','A'),
(160,160,5,NOW(),NOW(),'admin','A'),
(161,161,5,NOW(),NOW(),'admin','A'),
(162,162,5,NOW(),NOW(),'admin','A'),
(163,163,5,NOW(),NOW(),'admin','A'),
(164,164,5,NOW(),NOW(),'admin','A'),
(165,165,5,NOW(),NOW(),'admin','A'),
(166,166,5,NOW(),NOW(),'admin','A'),
(167,167,5,NOW(),NOW(),'admin','A'),
(168,168,5,NOW(),NOW(),'admin','A'),
(169,169,5,NOW(),NOW(),'admin','A'),
(170,170,5,NOW(),NOW(),'admin','A'),
(171,171,5,NOW(),NOW(),'admin','A'),
(172,172,5,NOW(),NOW(),'admin','A'),
(173,173,5,NOW(),NOW(),'admin','A'),
(174,174,5,NOW(),NOW(),'admin','A'),
(175,175,5,NOW(),NOW(),'admin','A'),
(176,176,5,NOW(),NOW(),'admin','A'),
(177,177,5,NOW(),NOW(),'admin','A'),
(178,178,5,NOW(),NOW(),'admin','A'),
(179,179,5,NOW(),NOW(),'admin','A'),
(180,180,5,NOW(),NOW(),'admin','A'),
(181,181,5,NOW(),NOW(),'admin','A'),
(182,182,5,NOW(),NOW(),'admin','A'),
(183,183,5,NOW(),NOW(),'admin','A'),
(184,184,5,NOW(),NOW(),'admin','A'),
(185,185,5,NOW(),NOW(),'admin','A'),
(186,186,5,NOW(),NOW(),'admin','A'),
(187,187,5,NOW(),NOW(),'admin','A'),
(188,188,5,NOW(),NOW(),'admin','A'),
(189,189,5,NOW(),NOW(),'admin','A'),
(190,190,5,NOW(),NOW(),'admin','A'),
(191,191,5,NOW(),NOW(),'admin','A'),
(192,192,5,NOW(),NOW(),'admin','A'),
(193,193,5,NOW(),NOW(),'admin','A'),
(194,194,5,NOW(),NOW(),'admin','A'),
(195,195,5,NOW(),NOW(),'admin','A'),
(196,196,5,NOW(),NOW(),'admin','A'),
(197,197,5,NOW(),NOW(),'admin','A'),
(198,198,5,NOW(),NOW(),'admin','A'),
(199,199,5,NOW(),NOW(),'admin','A'),
(200,200,5,NOW(),NOW(),'admin','A'),
(201,201,5,NOW(),NOW(),'admin','A'),
(202,202,5,NOW(),NOW(),'admin','A'),
(203,203,5,NOW(),NOW(),'admin','A'),
(204,204,5,NOW(),NOW(),'admin','A'),
(205,205,5,NOW(),NOW(),'admin','A'),
(206,206,5,NOW(),NOW(),'admin','A'),
(207,207,5,NOW(),NOW(),'admin','A'),
(208,208,5,NOW(),NOW(),'admin','A'),
(209,209,5,NOW(),NOW(),'admin','A'),
(210,210,5,NOW(),NOW(),'admin','A'),
(211,211,5,NOW(),NOW(),'admin','A'),
(212,212,5,NOW(),NOW(),'admin','A'),
(213,213,5,NOW(),NOW(),'admin','A'),
(214,214,5,NOW(),NOW(),'admin','A'),

(215,215,4,NOW(),NOW(),'admin','A'),
(216,216,4,NOW(),NOW(),'admin','A'),
(217,217,4,NOW(),NOW(),'admin','A'),
(218,218,4,NOW(),NOW(),'admin','A'),
(219,219,4,NOW(),NOW(),'admin','A');































































INSERT INTO `mb_tipos_herramienta` (`TIPO_HERRAMIENTA_ID`, `TIPO_HERRAMIENTA_CODIGO`, `TIPO_HERRAMIENTA_DESCRIPCION`, `TIPO_HERRAMIENTA_ASIENTOS`, `TIPO_HERRAMIENTA_REGISTRO`, `TIPO_HERRAMIENTA_MODIFICACION`, `TIPO_HERRAMIENTA_USUARIO`, `TIPO_HERRAMIENTA_ESTADO`) VALUES
(1,'BA-001','BUS ALIMENTADOR 62 PASAJEROS', 62, '2014-02-20', '2014-02-20 16:15:00', 'ADMIN', 'ACTIVO'),
(2,'BA-002','BUS ALIMENTADOR 62 PASAJEROS', 62, '2014-02-20', '2014-02-20 16:15:00', 'ADMIN', 'ACTIVO'),
(3,'BA-003','BUS ALIMENTADOR 62 PASAJEROS', 62, '2014-02-20', '2014-02-20 16:15:00', 'ADMIN', 'ACTIVO'),
(4,'BA-004','BUS ALIMENTADOR 62 PASAJEROS', 62, '2014-02-20', '2014-02-20 16:15:00', 'ADMIN', 'ACTIVO'),
(5,'BA-005','BUS ALIMENTADOR 62 PASAJEROS', 62, '2014-02-20', '2014-02-20 16:15:00', 'ADMIN', 'ACTIVO'),
(6,'BA-006','BUS ALIMENTADOR 62 PASAJEROS', 62, '2014-02-20', '2014-02-20 16:15:00', 'ADMIN', 'ACTIVO'),
(7,'BA-007','BUS ALIMENTADOR 62 PASAJEROS', 62, '2014-02-20', '2014-02-20 16:15:00', 'ADMIN', 'ACTIVO'),
(8,'BA-008','BUS ALIMENTADOR 62 PASAJEROS', 62, '2014-02-20', '2014-02-20 16:15:00', 'ADMIN', 'ACTIVO'),
(9,'BA-009','BUS ALIMENTADOR 62 PASAJEROS', 62, '2014-02-20', '2014-02-20 16:15:00', 'ADMIN', 'ACTIVO'),
(10,'BA-010','BUS ALIMENTADOR 62 PASAJEROS', 62, '2014-02-20', '2014-02-20 16:15:00', 'ADMIN', 'ACTIVO'),
(11,'BA-011','BUS ALIMENTADOR 62 PASAJEROS', 62, '2014-02-20', '2014-02-20 16:15:00', 'ADMIN', 'ACTIVO'),
(12,'BA-012','BUS ALIMENTADOR 62 PASAJEROS', 62, '2014-02-20', '2014-02-20 16:15:00', 'ADMIN', 'ACTIVO'),
(13,'BA-013','BUS ALIMENTADOR 62 PASAJEROS', 62, '2014-02-20', '2014-02-20 16:15:00', 'ADMIN', 'ACTIVO'),
(14,'BA-014','BUS ALIMENTADOR 62 PASAJEROS', 62, '2014-02-20', '2014-02-20 16:15:00', 'ADMIN', 'ACTIVO'),
(15,'BA-015','BUS ALIMENTADOR 62 PASAJEROS', 62, '2014-02-20', '2014-02-20 16:15:00', 'ADMIN', 'ACTIVO'),
(16,'BA-016','BUS ALIMENTADOR 62 PASAJEROS', 62, '2014-02-20', '2014-02-20 16:15:00', 'ADMIN', 'ACTIVO'),
(17,'BA-017','BUS ALIMENTADOR 62 PASAJEROS', 62, '2014-02-20', '2014-02-20 16:15:00', 'ADMIN', 'ACTIVO'),
(18,'BA-018','BUS ALIMENTADOR 62 PASAJEROS', 62, '2014-02-20', '2014-02-20 16:15:00', 'ADMIN', 'ACTIVO'),
(19,'BA-019','BUS ALIMENTADOR 62 PASAJEROS', 62, '2014-02-20', '2014-02-20 16:15:00', 'ADMIN', 'ACTIVO'),
(20,'BA-020','BUS ALIMENTADOR 62 PASAJEROS', 62, '2014-02-20', '2014-02-20 16:15:00', 'ADMIN', 'ACTIVO'),
(21,'BA-021','BUS ALIMENTADOR 62 PASAJEROS', 62, '2014-02-20', '2014-02-20 16:15:00', 'ADMIN', 'ACTIVO'),
(22,'BA-022','BUS ALIMENTADOR 62 PASAJEROS', 62, '2014-02-20', '2014-02-20 16:15:00', 'ADMIN', 'ACTIVO'),
(23,'BA-023','BUS ALIMENTADOR 62 PASAJEROS', 62, '2014-02-20', '2014-02-20 16:15:00', 'ADMIN', 'ACTIVO'),
(24,'BA-024','BUS ALIMENTADOR 62 PASAJEROS', 62, '2014-02-20', '2014-02-20 16:15:00', 'ADMIN', 'ACTIVO'),
(25,'BA-025','BUS ALIMENTADOR 62 PASAJEROS', 62, '2014-02-20', '2014-02-20 16:15:00', 'ADMIN', 'ACTIVO'),
(26,'BA-026','BUS ALIMENTADOR 62 PASAJEROS', 62, '2014-02-20', '2014-02-20 16:15:00', 'ADMIN', 'ACTIVO'),
(27,'BA-027','BUS ALIMENTADOR 62 PASAJEROS', 62, '2014-02-20', '2014-02-20 16:15:00', 'ADMIN', 'ACTIVO'),
(28,'BA-028','BUS ALIMENTADOR 62 PASAJEROS', 62, '2014-02-20', '2014-02-20 16:15:00', 'ADMIN', 'ACTIVO'),
(29,'BA-029','BUS ALIMENTADOR 62 PASAJEROS', 62, '2014-02-20', '2014-02-20 16:15:00', 'ADMIN', 'ACTIVO'),
(30,'BA-030','BUS ALIMENTADOR 62 PASAJEROS', 62, '2014-02-20', '2014-02-20 16:15:00', 'ADMIN', 'ACTIVO'),
(31,'BA-031','BUS ALIMENTADOR 62 PASAJEROS', 62, '2014-02-20', '2014-02-20 16:15:00', 'ADMIN', 'ACTIVO'),
(32,'BA-032','BUS ALIMENTADOR 62 PASAJEROS', 62, '2014-02-20', '2014-02-20 16:15:00', 'ADMIN', 'ACTIVO'),
(33,'BA-033','BUS ALIMENTADOR 62 PASAJEROS', 62, '2014-02-20', '2014-02-20 16:15:00', 'ADMIN', 'ACTIVO'),
(34,'BA-034','BUS ALIMENTADOR 62 PASAJEROS', 62, '2014-02-20', '2014-02-20 16:15:00', 'ADMIN', 'ACTIVO'),
(35,'BA-035','BUS ALIMENTADOR 62 PASAJEROS', 62, '2014-02-20', '2014-02-20 16:15:00', 'ADMIN', 'ACTIVO'),
(36,'BA-036','BUS ALIMENTADOR 62 PASAJEROS', 62, '2014-02-20', '2014-02-20 16:15:00', 'ADMIN', 'ACTIVO'),
(37,'BA-037','BUS ALIMENTADOR 62 PASAJEROS', 62, '2014-02-20', '2014-02-20 16:15:00', 'ADMIN', 'ACTIVO'),
(38,'BA-038','BUS ALIMENTADOR 62 PASAJEROS', 62, '2014-02-20', '2014-02-20 16:15:00', 'ADMIN', 'ACTIVO'),
(39,'BA-039','BUS ALIMENTADOR 62 PASAJEROS', 62, '2014-02-20', '2014-02-20 16:15:00', 'ADMIN', 'ACTIVO'),
(40,'BA-040','BUS ALIMENTADOR 62 PASAJEROS', 62, '2014-02-20', '2014-02-20 16:15:00', 'ADMIN', 'ACTIVO'),
(41,'BA-041','BUS ALIMENTADOR 62 PASAJEROS', 62, '2014-02-20', '2014-02-20 16:15:00', 'ADMIN', 'ACTIVO'),
(42,'BA-042','BUS ALIMENTADOR 62 PASAJEROS', 62, '2014-02-20', '2014-02-20 16:15:00', 'ADMIN', 'ACTIVO'),
(43,'BA-043','BUS ALIMENTADOR 62 PASAJEROS', 62, '2014-02-20', '2014-02-20 16:15:00', 'ADMIN', 'ACTIVO'),
(44,'BA-044','BUS ALIMENTADOR 62 PASAJEROS', 62, '2014-02-20', '2014-02-20 16:15:00', 'ADMIN', 'ACTIVO'),
(45,'BA-045','BUS ALIMENTADOR 62 PASAJEROS', 62, '2014-02-20', '2014-02-20 16:15:00', 'ADMIN', 'ACTIVO'),
(46,'BA-046','BUS ALIMENTADOR 62 PASAJEROS', 62, '2014-02-20', '2014-02-20 16:15:00', 'ADMIN', 'ACTIVO'),
(47,'BA-047','BUS ALIMENTADOR 62 PASAJEROS', 62, '2014-02-20', '2014-02-20 16:15:00', 'ADMIN', 'ACTIVO'),
(48,'BA-048','BUS ALIMENTADOR 62 PASAJEROS', 62, '2014-02-20', '2014-02-20 16:15:00', 'ADMIN', 'ACTIVO'),
(49,'BA-049','BUS ALIMENTADOR 62 PASAJEROS', 62, '2014-02-20', '2014-02-20 16:15:00', 'ADMIN', 'ACTIVO'),
(50,'BA-050','BUS ALIMENTADOR 62 PASAJEROS', 62, '2014-02-20', '2014-02-20 16:15:00', 'ADMIN', 'ACTIVO'),
(51,'BA-051','BUS ALIMENTADOR 62 PASAJEROS', 62, '2014-02-20', '2014-02-20 16:15:00', 'ADMIN', 'ACTIVO'),
(52,'BA-052','BUS ALIMENTADOR 62 PASAJEROS', 62, '2014-02-20', '2014-02-20 16:15:00', 'ADMIN', 'ACTIVO'),
(53,'BA-053','BUS ALIMENTADOR 62 PASAJEROS', 62, '2014-02-20', '2014-02-20 16:15:00', 'ADMIN', 'ACTIVO'),
(54,'BA-054','BUS ALIMENTADOR 62 PASAJEROS', 62, '2014-02-20', '2014-02-20 16:15:00', 'ADMIN', 'ACTIVO'),
(55,'BA-055','BUS ALIMENTADOR 62 PASAJEROS', 62, '2014-02-20', '2014-02-20 16:15:00', 'ADMIN', 'ACTIVO'),
(56,'BA-056','BUS ALIMENTADOR 62 PASAJEROS', 62, '2014-02-20', '2014-02-20 16:15:00', 'ADMIN', 'ACTIVO'),
(57,'BA-057','BUS ALIMENTADOR 62 PASAJEROS', 62, '2014-02-20', '2014-02-20 16:15:00', 'ADMIN', 'ACTIVO'),
(58,'BA-058','BUS ALIMENTADOR 62 PASAJEROS', 62, '2014-02-20', '2014-02-20 16:15:00', 'ADMIN', 'ACTIVO'),
(59,'BA-059','BUS ALIMENTADOR 62 PASAJEROS', 62, '2014-02-20', '2014-02-20 16:15:00', 'ADMIN', 'ACTIVO'),
(60,'BA-060','BUS ALIMENTADOR 62 PASAJEROS', 62, '2014-02-20', '2014-02-20 16:15:00', 'ADMIN', 'ACTIVO'),
(100,'BA-0100','BUS ALIMENTADOR 62 PASAJEROS', 62, '2014-02-20', '2014-02-20 16:15:00', 'ADMIN', 'ACTIVO');

INSERT INTO `mb_herramientas` (`HRR_ID`, `HRR_TIPO_HERRAMIENTA_ID`, `HRR_DESCRIPCION`, `HRR_DETALLE`, `HRR_REGISTRO`, `HRR_MODIFICACION`, `HRR_USUARIO`, `HRR_ESTADO`) VALUES
(1, 2, 'NETBOOK-1', 'NETBOOK-1-DETALLE', '2013-03-18', '2013-03-21 07:27:14', 'ADMIN', 'ACTIVO'),
(2, 3, 'NETBOOK-2', 'NETBOOK-1-DETALLE', '2013-03-18', '2013-03-21 07:27:14', 'ADMIN', 'ACTIVO'),
(3, 4, 'NETBOOK-3', 'NETBOOK-2-DETALLE', '2013-03-18', '2013-03-21 07:27:14', 'ADMIN', 'ACTIVO'),
(4, 9, 'NETBOOK-4', 'NETBOOK-3-DETALLE', '2013-03-18', '2013-03-21 07:27:14', 'ADMIN', 'ACTIVO'),
(5, 34, 'NETBOOK-5', 'NETBOOK-1-DETALLE', '2013-03-18', '2014-02-25 21:04:08', 'ADMIN', 'INACTIVO'),
(6, 21, 'NETBOOK-6', 'NETBOOK-1-DETALLE', '2013-03-18', '2013-03-21 07:27:14', 'ADMIN', 'ACTIVO'),
(7, 46, 'NETBOOK-7', 'NETBOOK-1-DETALLE', '2013-03-18', '2014-02-25 20:09:04', 'ADMIN', 'ACTIVO'),
(8, 36, 'NETBOOK-8', 'NETBOOK-4-DETALLE', '2013-03-18', '2014-02-23 19:18:46', 'ADMIN', 'ACTIVO'),
(9, 39, 'NETBOOK-9', 'NETBOOK-5-DETALLE', '2013-03-18', '2013-03-21 07:27:14', 'ADMIN', 'ACTIVO'),
(10, 41, 'NETBOOK-10', 'NETBOOK-1-DETALLE', '2013-03-18', '2013-03-21 07:27:14', 'ADMIN', 'ACTIVO'),
(11, 42, 'NETBOOK-11', 'NETBOOK-1-DETALLE', '2013-03-18', '2013-03-21 07:27:14', 'ADMIN', 'ACTIVO'),
(12, 37, 'NETBOOK-12', 'NETBOOK-6-DETALLE', '2013-03-18', '2013-06-11 16:03:42', 'ADMIN', 'INACTIVO'),
(13, 47, 'NETBOOK-13', 'NETBOOK-7-DETALLE', '2013-03-18', '2013-03-21 07:27:14', 'ADMIN', 'ACTIVO'),
(14, 56, 'NETBOOK-14', 'NETBOOK-8-DETALLE', '2013-03-18', '2013-03-21 07:27:14', 'ADMIN', 'ACTIVO'),
(15, 58, 'NETBOOK-15', 'NETBOOK-1-DETALLE', '2013-03-18', '2014-02-26 01:28:24', 'ADMIN', 'ACTIVO'),
(16, 60, 'NETBOOK-16', 'NETBOOK-9-DETALLE', '2013-03-18', '2013-03-21 07:27:14', 'ADMIN', 'ACTIVO'),
(17, 8, 'NETBOOK-17', 'NETBOOK-1-DETALLE', '2013-03-18', '2013-03-21 07:27:14', 'ADMIN', 'ACTIVO'),
(18, 54, 'NETBOOK-18', 'NETBOOK-10-DETALLE', '2013-03-18', '2014-02-25 21:07:59', 'ADMIN', 'ACTIVO'),
(19, 13, 'NETBOOK-19', 'NETBOOK-1-DETALLE', '2013-03-18', '2013-03-21 07:27:14', 'ADMIN', 'ACTIVO'),
(20, 14, 'NETBOOK-20', 'NETBOOK-1-DETALLE', '2013-03-18', '2013-03-21 07:27:14', 'ADMIN', 'ACTIVO'),
(21, 18, 'NETBOOK-21', 'NETBOOK-11-DETALLE', '2013-03-18', '2013-03-21 07:27:14', 'ADMIN', 'ACTIVO'),
(22, 22, 'NETBOOK-22', 'NETBOOK-12-DETALLE', '2013-03-18', '2013-03-21 07:27:14', 'ADMIN', 'ACTIVO'),
(23, 23, 'NETBOOK-23', 'NETBOOK-13-DETALLE', '2013-03-18', '2013-03-21 07:27:14', 'ADMIN', 'ACTIVO'),
(24, 24, 'NETBOOK-24', 'NETBOOK-14-DETALLE', '2013-03-18', '2013-03-21 07:27:14', 'ADMIN', 'ACTIVO'),
(25, 25, 'NETBOOK-25', 'NETBOOK-15-DETALLE', '2013-03-18', '2013-03-21 07:27:14', 'ADMIN', 'ACTIVO'),
(26, 26, 'NETBOOK-26', 'NETBOOK-16-DETALLE', '2013-03-18', '2013-06-11 16:03:42', 'ADMIN', 'ACTIVO'),
(27, 27, 'NETBOOK-27', 'NETBOOK-17-DETALLE', '2013-03-18', '2013-03-21 07:27:14', 'ADMIN', 'ACTIVO'),
(28, 31, 'NETBOOK-28', 'NETBOOK-1-DETALLE', '2013-03-18', '2013-03-21 07:27:14', 'ADMIN', 'ACTIVO'),
(29, 52, 'NETBOOK-29', 'NETBOOK-1-DETALLE', '2013-03-18', '2014-02-25 20:05:31', 'ADMIN', 'ACTIVO'),
(30, 37, 'NETBOOK-30', 'NETBOOK-1-DETALLE', '2013-03-18', '2013-03-21 07:27:14', 'ADMIN', 'ACTIVO'),
(31, 40, 'NETBOOK-31', 'NETBOOK-18-DETALLE', '2013-03-18', '2013-03-21 07:27:14', 'ADMIN', 'ACTIVO'),
(32, 46, 'NETBOOK-32', 'NETBOOK-19-DETALLE', '2013-03-18', '2014-02-25 20:10:21', 'ADMIN', 'INACTIVO'),
(33, 38, 'NETBOOK-33', 'NETBOOK-20-DETALLE', '2013-03-18', '2014-02-23 17:56:22', 'ADMIN', 'ACTIVO'),
(34, 16, 'NETBOOK-34', 'NETBOOK-20-DETALLE', '2013-03-18', '2013-03-21 07:27:14', 'ADMIN', 'ACTIVO'),
(35, 33, 'NETBOOK-35', 'NETBOOK-20-DETALLE', '2013-03-18', '2013-03-21 07:27:14', 'ADMIN', 'ACTIVO'),
(36, 36, 'NETBOOK-36', 'NETBOOK-20-DETALLE', '2013-03-18', '2013-03-21 07:27:14', 'ADMIN', 'ACTIVO'),
(37, 45, 'NETBOOK-37', 'NETBOOK-20-DETALLE', '2013-03-18', '2013-03-21 07:27:14', 'ADMIN', 'ACTIVO'),
(38, 48, 'NETBOOK-38', 'NETBOOK-20-DETALLE', '2013-03-18', '2013-03-21 07:27:14', 'ADMIN', 'ACTIVO'),
(39, 29, 'NETBOOK-39', 'NETBOOK-20-DETALLE', '2013-03-18', '2013-03-21 07:27:14', 'ADMIN', 'ACTIVO'),
(40, 15, 'NETBOOK-40', 'NETBOOK-20-DETALLE', '2013-03-18', '2013-03-21 07:27:14', 'ADMIN', 'ACTIVO'),
(41, 56, 'NETB-41', 'NETB-41-DETALLE', '2013-03-18', '2014-02-24 02:15:59', 'ADMIN', 'ACTIVO'),
(42, 100, 'NETB-42', 'NETBOOK-1-DETALLE', '2013-03-18', '2014-02-25 21:15:24', 'ADMIN', 'ACTIVO'),
(43, 100, 'NETB-43', 'NETBOOK-2-DETALLE', '2013-03-18', '2014-02-25 21:15:35', 'ADMIN', 'ACTIVO'),
(44, 100, 'NETB-44', 'NETBOOK-3-DETALLE', '2013-03-18', '2014-02-25 21:15:45', 'ADMIN', 'ACTIVO'),
(45, 100, 'NETB-45', 'NETBOOK-1-DETALLE', '2013-03-18', '2014-02-25 21:15:56', 'ADMIN', 'ACTIVO'),
(46, 100, 'NETB-46', 'NETBOOK-1-DETALLE', '2013-03-18', '2014-02-25 21:16:03', 'ADMIN', 'ACTIVO'),
(47, 100, 'NETB-47', 'NETBOOK-1-DETALLE', '2013-03-18', '2014-02-25 21:16:09', 'ADMIN', 'ACTIVO'),
(48, 100, 'NETB-48', 'NETBOOK-4-DETALLE', '2013-03-18', '2014-02-25 21:16:17', 'ADMIN', 'ACTIVO'),
(49, 44, 'NETB-49', 'NETBOOK-5-DETALLE', '2013-03-18', '2014-02-25 21:16:22', 'ADMIN', 'ACTIVO'),
(50, 100, 'NETB-50', 'NETBOOK-1-DETALLE', '2013-03-18', '2014-02-25 21:16:34', 'ADMIN', 'ACTIVO'),
(51, 100, 'NETB-51', 'NETBOOK-1-DETALLE', '2013-03-18', '2014-02-25 21:16:45', 'ADMIN', 'ACTIVO'),
(52, 100, 'NETB-52', 'NETBOOK-1-DETALLE', '2013-03-18', '2014-02-25 21:16:53', 'ADMIN', 'ACTIVO'),
(53, 100, 'NETB-53', 'NETBOOK-2-DETALLE', '2013-03-18', '2014-02-25 21:17:06', 'ADMIN', 'ACTIVO'),
(54, 100, 'NETB-54', 'NETBOOK-3-DETALLE', '2013-03-18', '2014-02-25 21:17:14', 'ADMIN', 'ACTIVO'),
(55, 25, 'NETB-55', 'NETBOOK-1-DETALLE', '2013-03-18', '2014-02-25 21:17:24', 'ADMIN', 'ACTIVO'),
(56, 3, 'NETB-56', 'NETBOOK-1-DETALLE', '2013-03-18', '2014-02-26 01:33:31', 'ADMIN', 'ACTIVO'),
(57, 100, 'NETB-57', 'NETBOOK-1-DETALLE', '2013-03-18', '2014-02-25 21:17:40', 'ADMIN', 'ACTIVO'),
(58, 32, 'NETB-58', 'NETBOOK-58-DETALLE', '2014-02-24', '2014-02-25 21:17:47', 'ADMIN', 'ACTIVO'),
(59, 15, 'NETB-59', 'NETBOOK-5-DETALLE', '2013-03-18', '2014-02-26 01:21:30', 'ADMIN', 'ACTIVO'),
(60, 37, 'NETB-60', 'NETBOOK-1-DETALLE', '2013-03-18', '2014-02-25 21:18:08', 'ADMIN', 'ACTIVO'),
(61, 100, 'NETB-61', 'NETBOOK-1-DETALLE', '2013-03-18', '2014-02-25 21:18:15', 'ADMIN', 'ACTIVO'),
(62, 100, 'NETB-62', 'NETBOOK-1-DETALLE', '2013-03-18', '2014-02-25 21:18:22', 'ADMIN', 'ACTIVO'),
(63, 100, 'NETB-63', 'NETBOOK-2-DETALLE', '2013-03-18', '2014-02-25 21:18:28', 'ADMIN', 'ACTIVO'),
(64, 100, 'NETB-64', 'NETBOOK-3-DETALLE', '2013-03-18', '2014-02-25 21:18:34', 'ADMIN', 'ACTIVO'),
(65, 29, 'NETB-65', 'NETBOOK-1-DETALLE', '2013-03-18', '2014-02-26 01:32:52', 'ADMIN', 'ACTIVO'),
(66, 100, 'NETB-66', 'NETBOOK-1-DETALLE', '2013-03-18', '2014-02-25 21:18:47', 'ADMIN', 'ACTIVO'),
(67, 100, 'NETB-67', 'NETBOOK-1-DETALLE', '2013-03-18', '2014-02-25 21:18:53', 'ADMIN', 'ACTIVO'),
(68, 100, 'NETB-68', 'NETBOOK-4-DETALLE', '2013-03-18', '2014-02-25 21:19:00', 'ADMIN', 'ACTIVO'),
(69, 100, 'NETB-69', 'NETBOOK-5-DETALLE', '2013-03-18', '2014-02-25 21:19:07', 'ADMIN', 'ACTIVO');

INSERT INTO `mb_programaciones` (PRG_ID,`PRG_HRR_ID`, `PRG_CONDUCTOR_ID`, `PRG_RUTA_ID`, `PRG_REGISTRO`, `PRG_MODIFICACION`, `PRG_USUARIO`, `PRG_ESTADO`) VALUES
( 0,1,1,1,	'2014-02-20',	'2014-02-20','ADMIN','ACTIVO');

INSERT INTO `mb_programaciones` (`PRG_HRR_ID`, `PRG_CONDUCTOR_ID`, `PRG_RUTA_ID`, `PRG_REGISTRO`, `PRG_MODIFICACION`, `PRG_USUARIO`, `PRG_ESTADO`) VALUES
( 1,1,1,	'2014-02-20',	'2014-02-20','ADMIN','ACTIVO'),
( 2,1,1,	'2014-02-20',	'2014-02-20','ADMIN','ACTIVO'),
( 3,1,1,	'2014-02-20',	'2014-02-20','ADMIN','ACTIVO'),
( 4,1,1,	'2014-02-20',	'2014-02-20','ADMIN','ACTIVO'),
( 5,1,1,	'2014-02-20',	'2014-02-20','ADMIN','ACTIVO'),
( 6,1,1,	'2014-02-20',	'2014-02-20','ADMIN','ACTIVO'),
( 7,1,1,	'2014-02-20',	'2014-02-20','ADMIN','ACTIVO'),
( 8,1,1,	'2014-02-20',	'2014-02-20','ADMIN','ACTIVO'),
( 9,1,1,	'2014-02-20',	'2014-02-20','ADMIN','ACTIVO'),
(10,1,1,	'2014-02-20',	'2014-02-20','ADMIN','ACTIVO'),
(11,1,1,	'2014-02-20',	'2014-02-20','ADMIN','ACTIVO'),
(12,1,1,	'2014-02-20',	'2014-02-20','ADMIN','ACTIVO'),
(13,1,1,	'2014-02-20',	'2014-02-20','ADMIN','ACTIVO'),
(14,1,1,	'2014-02-20',	'2014-02-20','ADMIN','ACTIVO'),
(15,1,1,	'2014-02-20',	'2014-02-20','ADMIN','ACTIVO'),
(16,1,1,	'2014-02-20',	'2014-02-20','ADMIN','ACTIVO'),
(17,1,2,	'2014-02-20',	'2014-02-20','ADMIN','ACTIVO'),
(18,1,2,	'2014-02-20',	'2014-02-20','ADMIN','ACTIVO'),
(19,1,2,	'2014-02-20',	'2014-02-20','ADMIN','ACTIVO'),
(20,1,2,	'2014-02-20',	'2014-02-20','ADMIN','ACTIVO'),
(21,1,2,	'2014-02-20',	'2014-02-20','ADMIN','ACTIVO'),
(22,1,2,	'2014-02-20',	'2014-02-20','ADMIN','ACTIVO'),
(23,1,2,	'2014-02-20',	'2014-02-20','ADMIN','ACTIVO'),
(24,1,2,	'2014-02-20',	'2014-02-20','ADMIN','ACTIVO'),
(25,1,2,	'2014-02-20',	'2014-02-20','ADMIN','ACTIVO'),
(26,1,2,	'2014-02-20',	'2014-02-20','ADMIN','ACTIVO'),
(27,1,2,	'2014-02-20',	'2014-02-20','ADMIN','ACTIVO'),
(28,1,2,	'2014-02-20',	'2014-02-20','ADMIN','ACTIVO'),
(29,1,2,	'2014-02-20',	'2014-02-20','ADMIN','ACTIVO'),
(30,1,2,	'2014-02-20',	'2014-02-20','ADMIN','ACTIVO'),
(31,1,2,	'2014-02-20',	'2014-02-20','ADMIN','ACTIVO'),
(32,1,2,	'2014-02-20',	'2014-02-20','ADMIN','ACTIVO'),
(33,1,2,	'2014-02-20',	'2014-02-20','ADMIN','ACTIVO'),

( 1,1,1,'2014-02-21','2014-02-21','ADMIN','ACTIVO'),
( 2,1,1,'2014-02-21','2014-02-21','ADMIN','ACTIVO'),
( 3,1,1,'2014-02-21','2014-02-21','ADMIN','ACTIVO'),
( 4,1,1,'2014-02-21','2014-02-21','ADMIN','ACTIVO'),
( 5,1,1,'2014-02-21','2014-02-21','ADMIN','ACTIVO'),
( 6,1,1,'2014-02-21','2014-02-21','ADMIN','ACTIVO'),
( 7,1,1,'2014-02-21','2014-02-21','ADMIN','ACTIVO'),
( 8,1,1,'2014-02-21','2014-02-21','ADMIN','ACTIVO'),
( 9,1,1,'2014-02-21','2014-02-21','ADMIN','ACTIVO'),
(10,1,1,'2014-02-21','2014-02-21','ADMIN','ACTIVO'),
(11,1,1,'2014-02-21','2014-02-21','ADMIN','ACTIVO'),
(12,1,1,'2014-02-21','2014-02-21','ADMIN','ACTIVO'),
(13,1,1,'2014-02-21','2014-02-21','ADMIN','ACTIVO'),
(14,1,1,'2014-02-21','2014-02-21','ADMIN','ACTIVO'),
(15,1,1,'2014-02-21','2014-02-21','ADMIN','ACTIVO'),
(16,1,1,'2014-02-21','2014-02-21','ADMIN','ACTIVO'),
(17,1,2,'2014-02-21','2014-02-21','ADMIN','ACTIVO'),
(18,1,2,'2014-02-21','2014-02-21','ADMIN','ACTIVO'),
(19,1,2,'2014-02-21','2014-02-21','ADMIN','ACTIVO'),
(20,1,2,'2014-02-21','2014-02-21','ADMIN','ACTIVO'),
(21,1,2,'2014-02-21','2014-02-21','ADMIN','ACTIVO'),
(22,1,2,'2014-02-21','2014-02-21','ADMIN','ACTIVO'),
(23,1,2,'2014-02-21','2014-02-21','ADMIN','ACTIVO'),
(24,1,2,'2014-02-21','2014-02-21','ADMIN','ACTIVO'),
(25,1,2,'2014-02-21','2014-02-21','ADMIN','ACTIVO'),
(26,1,2,'2014-02-21','2014-02-21','ADMIN','ACTIVO'),
(27,1,2,'2014-02-21','2014-02-21','ADMIN','ACTIVO'),
(28,1,2,'2014-02-21','2014-02-21','ADMIN','ACTIVO'),
(29,1,2,'2014-02-21','2014-02-21','ADMIN','ACTIVO'),
(30,1,2,'2014-02-21','2014-02-21','ADMIN','ACTIVO'),
(31,1,2,'2014-02-21','2014-02-21','ADMIN','ACTIVO'),
(32,1,2,'2014-02-21','2014-02-21','ADMIN','ACTIVO'),
(33,1,2,'2014-02-21','2014-02-21','ADMIN','ACTIVO');

/*
(39,1,1,'2014-02-22','2014-02-22','ADMIN','ACTIVO'),
(41,1,1,'2014-02-22','2014-02-22','ADMIN','ACTIVO'),
(42,1,1,'2014-02-22','2014-02-22','ADMIN','ACTIVO'),
(45,1,1,'2014-02-22','2014-02-22','ADMIN','ACTIVO'),
(47,1,1,'2014-02-22','2014-02-22','ADMIN','ACTIVO'),
(56,1,1,'2014-02-22','2014-02-22','ADMIN','ACTIVO'),
(58,1,1,'2014-02-22','2014-02-22','ADMIN','ACTIVO'),
(60,1,1,'2014-02-22','2014-02-22','ADMIN','ACTIVO'),
(25,1,2,'2014-02-22','2014-02-22','ADMIN','ACTIVO'),
(26,1,2,'2014-02-22','2014-02-22','ADMIN','ACTIVO'),
(27,1,2,'2014-02-22','2014-02-22','ADMIN','ACTIVO'),
(31,1,2,'2014-02-22','2014-02-22','ADMIN','ACTIVO'),
(32,1,2,'2014-02-22','2014-02-22','ADMIN','ACTIVO'),
(37,1,2,'2014-02-22','2014-02-22','ADMIN','ACTIVO'),
(40,1,2,'2014-02-22','2014-02-22','ADMIN','ACTIVO'),
(46,1,2,'2014-02-22','2014-02-22','ADMIN','ACTIVO'),
(48,1,2,'2014-02-22','2014-02-22','ADMIN','ACTIVO'),

(39,1,1,'2014-02-23','2014-02-23','ADMIN','ACTIVO'),
(41,1,1,'2014-02-23','2014-02-23','ADMIN','ACTIVO'),
(42,1,1,'2014-02-23','2014-02-23','ADMIN','ACTIVO'),
(45,1,1,'2014-02-23','2014-02-23','ADMIN','ACTIVO'),
(47,1,1,'2014-02-23','2014-02-23','ADMIN','ACTIVO'),
(56,1,1,'2014-02-23','2014-02-23','ADMIN','ACTIVO'),
(58,1,1,'2014-02-23','2014-02-23','ADMIN','ACTIVO'),
(60,1,1,'2014-02-23','2014-02-23','ADMIN','ACTIVO'),
(25,1,2,'2014-02-23','2014-02-23','ADMIN','ACTIVO'),
(26,1,2,'2014-02-23','2014-02-23','ADMIN','ACTIVO'),
(27,1,2,'2014-02-23','2014-02-23','ADMIN','ACTIVO'),
(31,1,2,'2014-02-23','2014-02-23','ADMIN','ACTIVO'),
(32,1,2,'2014-02-23','2014-02-23','ADMIN','ACTIVO'),
(37,1,2,'2014-02-23','2014-02-23','ADMIN','ACTIVO'),
(40,1,2,'2014-02-23','2014-02-23','ADMIN','ACTIVO'),
(46,1,2,'2014-02-23','2014-02-23','ADMIN','ACTIVO'),
(48,1,2,'2014-02-23','2014-02-23','ADMIN','ACTIVO'),

( 2,1,1,'2014-02-24','2014-02-24','ADMIN','ACTIVO'),
( 3,1,1,'2014-02-24','2014-02-24','ADMIN','ACTIVO'),
( 4,1,1,'2014-02-24','2014-02-24','ADMIN','ACTIVO'),
( 9,1,1,'2014-02-24','2014-02-24','ADMIN','ACTIVO'),
(16,1,1,'2014-02-24','2014-02-24','ADMIN','ACTIVO'),
(21,1,1,'2014-02-24','2014-02-24','ADMIN','ACTIVO'),
(33,1,1,'2014-02-24','2014-02-24','ADMIN','ACTIVO'),
(36,1,1,'2014-02-24','2014-02-24','ADMIN','ACTIVO'),
(39,1,1,'2014-02-24','2014-02-24','ADMIN','ACTIVO'),
(41,1,1,'2014-02-24','2014-02-24','ADMIN','ACTIVO'),
(42,1,1,'2014-02-24','2014-02-24','ADMIN','ACTIVO'),
(45,1,1,'2014-02-24','2014-02-24','ADMIN','ACTIVO'),
(47,1,1,'2014-02-24','2014-02-24','ADMIN','ACTIVO'),
(56,1,1,'2014-02-24','2014-02-24','ADMIN','ACTIVO'),
(58,1,1,'2014-02-24','2014-02-24','ADMIN','ACTIVO'),
(60,1,1,'2014-02-24','2014-02-24','ADMIN','ACTIVO'),
( 8,1,2,'2014-02-24','2014-02-24','ADMIN','ACTIVO'),
(12,1,2,'2014-02-24','2014-02-24','ADMIN','ACTIVO'),
(13,1,2,'2014-02-24','2014-02-24','ADMIN','ACTIVO'),
(14,1,2,'2014-02-24','2014-02-24','ADMIN','ACTIVO'),
(18,1,2,'2014-02-24','2014-02-24','ADMIN','ACTIVO'),
(22,1,2,'2014-02-24','2014-02-24','ADMIN','ACTIVO'),
(23,1,2,'2014-02-24','2014-02-24','ADMIN','ACTIVO'),
(24,1,2,'2014-02-24','2014-02-24','ADMIN','ACTIVO'),
(25,1,2,'2014-02-24','2014-02-24','ADMIN','ACTIVO'),
(26,1,2,'2014-02-24','2014-02-24','ADMIN','ACTIVO'),
(27,1,2,'2014-02-24','2014-02-24','ADMIN','ACTIVO'),
(31,1,2,'2014-02-24','2014-02-24','ADMIN','ACTIVO'),
(32,1,2,'2014-02-24','2014-02-24','ADMIN','ACTIVO'),
(37,1,2,'2014-02-24','2014-02-24','ADMIN','ACTIVO'),
(40,1,2,'2014-02-24','2014-02-24','ADMIN','ACTIVO'),
(46,1,2,'2014-02-24','2014-02-24','ADMIN','ACTIVO'),
(48,1,2,'2014-02-24','2014-02-24','ADMIN','ACTIVO'),

( 2,1,1,'2014-02-25','2014-02-25','ADMIN','ACTIVO'),
( 3,1,1,'2014-02-25','2014-02-25','ADMIN','ACTIVO'),
( 4,1,1,'2014-02-25','2014-02-25','ADMIN','ACTIVO'),
( 9,1,1,'2014-02-25','2014-02-25','ADMIN','ACTIVO'),
(16,1,1,'2014-02-25','2014-02-25','ADMIN','ACTIVO'),
(21,1,1,'2014-02-25','2014-02-25','ADMIN','ACTIVO'),
(33,1,1,'2014-02-25','2014-02-25','ADMIN','ACTIVO'),
(36,1,1,'2014-02-25','2014-02-25','ADMIN','ACTIVO'),
(39,1,1,'2014-02-25','2014-02-25','ADMIN','ACTIVO'),
(41,1,1,'2014-02-25','2014-02-25','ADMIN','ACTIVO'),
(42,1,1,'2014-02-25','2014-02-25','ADMIN','ACTIVO'),
(45,1,1,'2014-02-25','2014-02-25','ADMIN','ACTIVO'),
(47,1,1,'2014-02-25','2014-02-25','ADMIN','ACTIVO'),
(56,1,1,'2014-02-25','2014-02-25','ADMIN','ACTIVO'),
(58,1,1,'2014-02-25','2014-02-25','ADMIN','ACTIVO'),
(60,1,1,'2014-02-25','2014-02-25','ADMIN','ACTIVO'),
( 8,1,2,'2014-02-25','2014-02-25','ADMIN','ACTIVO'),
(12,1,2,'2014-02-25','2014-02-25','ADMIN','ACTIVO'),
(13,1,2,'2014-02-25','2014-02-25','ADMIN','ACTIVO'),
(14,1,2,'2014-02-25','2014-02-25','ADMIN','ACTIVO'),
(18,1,2,'2014-02-25','2014-02-25','ADMIN','ACTIVO'),
(22,1,2,'2014-02-25','2014-02-25','ADMIN','ACTIVO'),
(23,1,2,'2014-02-25','2014-02-25','ADMIN','ACTIVO'),
(24,1,2,'2014-02-25','2014-02-25','ADMIN','ACTIVO'),
(25,1,2,'2014-02-25','2014-02-25','ADMIN','ACTIVO'),
(26,1,2,'2014-02-25','2014-02-25','ADMIN','ACTIVO'),
(27,1,2,'2014-02-25','2014-02-25','ADMIN','ACTIVO'),
(31,1,2,'2014-02-25','2014-02-25','ADMIN','ACTIVO'),
(32,1,2,'2014-02-25','2014-02-25','ADMIN','ACTIVO'),
(37,1,2,'2014-02-25','2014-02-25','ADMIN','ACTIVO'),
(40,1,2,'2014-02-25','2014-02-25','ADMIN','ACTIVO'),
(46,1,2,'2014-02-25','2014-02-25','ADMIN','ACTIVO'),
(48,1,2,'2014-02-25','2014-02-25','ADMIN','ACTIVO'),

( 2,1,1,'2014-02-26','2014-02-26','ADMIN','ACTIVO'),
( 3,1,1,'2014-02-26','2014-02-26','ADMIN','ACTIVO'),
( 4,1,1,'2014-02-26','2014-02-26','ADMIN','ACTIVO'),
( 9,1,1,'2014-02-26','2014-02-26','ADMIN','ACTIVO'),
(16,1,1,'2014-02-26','2014-02-26','ADMIN','ACTIVO'),
(21,1,1,'2014-02-26','2014-02-26','ADMIN','ACTIVO'),
(33,1,1,'2014-02-26','2014-02-26','ADMIN','ACTIVO'),
(36,1,1,'2014-02-26','2014-02-26','ADMIN','ACTIVO'),
(39,1,1,'2014-02-26','2014-02-26','ADMIN','ACTIVO'),
(41,1,1,'2014-02-26','2014-02-26','ADMIN','ACTIVO'),
(42,1,1,'2014-02-26','2014-02-26','ADMIN','ACTIVO'),
(45,1,1,'2014-02-26','2014-02-26','ADMIN','ACTIVO'),
(47,1,1,'2014-02-26','2014-02-26','ADMIN','ACTIVO'),
(56,1,1,'2014-02-26','2014-02-26','ADMIN','ACTIVO'),
(58,1,1,'2014-02-26','2014-02-26','ADMIN','ACTIVO'),
(60,1,1,'2014-02-26','2014-02-26','ADMIN','ACTIVO'),
( 8,1,2,'2014-02-26','2014-02-26','ADMIN','ACTIVO'),
(12,1,2,'2014-02-26','2014-02-26','ADMIN','ACTIVO'),
(13,1,2,'2014-02-26','2014-02-26','ADMIN','ACTIVO'),
(14,1,2,'2014-02-26','2014-02-26','ADMIN','ACTIVO'),
(18,1,2,'2014-02-26','2014-02-26','ADMIN','ACTIVO'),
(22,1,2,'2014-02-26','2014-02-26','ADMIN','ACTIVO'),
(23,1,2,'2014-02-26','2014-02-26','ADMIN','ACTIVO'),
(24,1,2,'2014-02-26','2014-02-26','ADMIN','ACTIVO'),
(25,1,2,'2014-02-26','2014-02-26','ADMIN','ACTIVO'),
(26,1,2,'2014-02-26','2014-02-26','ADMIN','ACTIVO'),
(27,1,2,'2014-02-26','2014-02-26','ADMIN','ACTIVO'),
(31,1,2,'2014-02-26','2014-02-26','ADMIN','ACTIVO'),
(32,1,2,'2014-02-26','2014-02-26','ADMIN','ACTIVO'),
(37,1,2,'2014-02-26','2014-02-26','ADMIN','ACTIVO'),
(40,1,2,'2014-02-26','2014-02-26','ADMIN','ACTIVO'),
(46,1,2,'2014-02-26','2014-02-26','ADMIN','ACTIVO'),
(48,1,2,'2014-02-26','2014-02-26','ADMIN','ACTIVO'),

( 2,1,1,'2014-02-27','2014-02-27','ADMIN','ACTIVO'),
( 3,1,1,'2014-02-27','2014-02-27','ADMIN','ACTIVO'),
( 4,1,1,'2014-02-27','2014-02-27','ADMIN','ACTIVO'),
( 9,1,1,'2014-02-27','2014-02-27','ADMIN','ACTIVO'),
(16,1,1,'2014-02-27','2014-02-27','ADMIN','ACTIVO'),
(21,1,1,'2014-02-27','2014-02-27','ADMIN','ACTIVO'),
(33,1,1,'2014-02-27','2014-02-27','ADMIN','ACTIVO'),
(36,1,1,'2014-02-27','2014-02-27','ADMIN','ACTIVO'),
(39,1,1,'2014-02-27','2014-02-27','ADMIN','ACTIVO'),
(41,1,1,'2014-02-27','2014-02-27','ADMIN','ACTIVO'),
(42,1,1,'2014-02-27','2014-02-27','ADMIN','ACTIVO'),
(45,1,1,'2014-02-27','2014-02-27','ADMIN','ACTIVO'),
(47,1,1,'2014-02-27','2014-02-27','ADMIN','ACTIVO'),
(56,1,1,'2014-02-27','2014-02-27','ADMIN','ACTIVO'),
(58,1,1,'2014-02-27','2014-02-27','ADMIN','ACTIVO'),
(60,1,1,'2014-02-27','2014-02-27','ADMIN','ACTIVO'),
( 8,1,2,'2014-02-27','2014-02-27','ADMIN','ACTIVO'),
(12,1,2,'2014-02-27','2014-02-27','ADMIN','ACTIVO'),
(13,1,2,'2014-02-27','2014-02-27','ADMIN','ACTIVO'),
(14,1,2,'2014-02-27','2014-02-27','ADMIN','ACTIVO'),
(18,1,2,'2014-02-27','2014-02-27','ADMIN','ACTIVO'),
(22,1,2,'2014-02-27','2014-02-27','ADMIN','ACTIVO'),
(23,1,2,'2014-02-27','2014-02-27','ADMIN','ACTIVO'),
(24,1,2,'2014-02-27','2014-02-27','ADMIN','ACTIVO'),
(25,1,2,'2014-02-27','2014-02-27','ADMIN','ACTIVO'),
(26,1,2,'2014-02-27','2014-02-27','ADMIN','ACTIVO'),
(27,1,2,'2014-02-27','2014-02-27','ADMIN','ACTIVO'),
(31,1,2,'2014-02-27','2014-02-27','ADMIN','ACTIVO'),
(32,1,2,'2014-02-27','2014-02-27','ADMIN','ACTIVO'),
(37,1,2,'2014-02-27','2014-02-27','ADMIN','ACTIVO'),
(40,1,2,'2014-02-27','2014-02-27','ADMIN','ACTIVO'),
(46,1,2,'2014-02-27','2014-02-27','ADMIN','ACTIVO'),
(48,1,2,'2014-02-27','2014-02-27','ADMIN','ACTIVO'),

( 2,1,1,'2014-02-28','2014-02-28','ADMIN','ACTIVO'),
( 3,1,1,'2014-02-28','2014-02-28','ADMIN','ACTIVO'),
( 4,1,1,'2014-02-28','2014-02-28','ADMIN','ACTIVO'),
( 9,1,1,'2014-02-28','2014-02-28','ADMIN','ACTIVO'),
(16,1,1,'2014-02-28','2014-02-28','ADMIN','ACTIVO'),
(21,1,1,'2014-02-28','2014-02-28','ADMIN','ACTIVO'),
(33,1,1,'2014-02-28','2014-02-28','ADMIN','ACTIVO'),
(36,1,1,'2014-02-28','2014-02-28','ADMIN','ACTIVO'),
(39,1,1,'2014-02-28','2014-02-28','ADMIN','ACTIVO'),
(41,1,1,'2014-02-28','2014-02-28','ADMIN','ACTIVO'),
(42,1,1,'2014-02-28','2014-02-28','ADMIN','ACTIVO'),
(45,1,1,'2014-02-28','2014-02-28','ADMIN','ACTIVO'),
(47,1,1,'2014-02-28','2014-02-28','ADMIN','ACTIVO'),
(56,1,1,'2014-02-28','2014-02-28','ADMIN','ACTIVO'),
(58,1,1,'2014-02-28','2014-02-28','ADMIN','ACTIVO'),
(60,1,1,'2014-02-28','2014-02-28','ADMIN','ACTIVO'),
( 8,1,2,'2014-02-28','2014-02-28','ADMIN','ACTIVO'),
(12,1,2,'2014-02-28','2014-02-28','ADMIN','ACTIVO'),
(13,1,2,'2014-02-28','2014-02-28','ADMIN','ACTIVO'),
(14,1,2,'2014-02-28','2014-02-28','ADMIN','ACTIVO'),
(18,1,2,'2014-02-28','2014-02-28','ADMIN','ACTIVO'),
(22,1,2,'2014-02-28','2014-02-28','ADMIN','ACTIVO'),
(23,1,2,'2014-02-28','2014-02-28','ADMIN','ACTIVO'),
(24,1,2,'2014-02-28','2014-02-28','ADMIN','ACTIVO'),
(25,1,2,'2014-02-28','2014-02-28','ADMIN','ACTIVO'),
(26,1,2,'2014-02-28','2014-02-28','ADMIN','ACTIVO'),
(27,1,2,'2014-02-28','2014-02-28','ADMIN','ACTIVO'),
(31,1,2,'2014-02-28','2014-02-28','ADMIN','ACTIVO'),
(32,1,2,'2014-02-28','2014-02-28','ADMIN','ACTIVO'),
(37,1,2,'2014-02-28','2014-02-28','ADMIN','ACTIVO'),
(40,1,2,'2014-02-28','2014-02-28','ADMIN','ACTIVO'),
(46,1,2,'2014-02-28','2014-02-28','ADMIN','ACTIVO'),
(48,1,2,'2014-02-28','2014-02-28','ADMIN','ACTIVO');

*/



/*
(9,1,1,'2014-02-22','2014-02-22','ADMIN','ACTIVO'),
(10,1,1,'2014-02-22','2014-02-22','ADMIN','ACTIVO'),
(11,1,1,'2014-02-22','2014-02-22','ADMIN','ACTIVO'),
(37,1,1,'2014-02-22','2014-02-22','ADMIN','ACTIVO'),
(13,1,1,'2014-02-22','2014-02-22','ADMIN','ACTIVO'),
(14,1,1,'2014-02-22','2014-02-22','ADMIN','ACTIVO'),
(15,1,1,'2014-02-22','2014-02-22','ADMIN','ACTIVO'),
(16,1,1,'2014-02-22','2014-02-22','ADMIN','ACTIVO'),
(25,1,2,'2014-02-22','2014-02-22','ADMIN','ACTIVO'),
(26,1,2,'2014-02-22','2014-02-22','ADMIN','ACTIVO'),
(27,1,2,'2014-02-22','2014-02-22','ADMIN','ACTIVO'),
(28,1,2,'2014-02-22','2014-02-22','ADMIN','ACTIVO'),
(29,1,2,'2014-02-22','2014-02-22','ADMIN','ACTIVO'),
(30,1,2,'2014-02-22','2014-02-22','ADMIN','ACTIVO'),
(31,1,2,'2014-02-22','2014-02-22','ADMIN','ACTIVO'),
(32,1,2,'2014-02-22','2014-02-22','ADMIN','ACTIVO'),
(38,1,2,'2014-02-22','2014-02-22','ADMIN','ACTIVO'),

(9,1,1,'2014-02-23','2014-02-23','ADMIN','ACTIVO'),
(10,1,1,'2014-02-23','2014-02-23','ADMIN','ACTIVO'),
(11,1,1,'2014-02-23','2014-02-23','ADMIN','ACTIVO'),
(37,1,1,'2014-02-23','2014-02-23','ADMIN','ACTIVO'),
(13,1,1,'2014-02-23','2014-02-23','ADMIN','ACTIVO'),
(14,1,1,'2014-02-23','2014-02-23','ADMIN','ACTIVO'),
(15,1,1,'2014-02-23','2014-02-23','ADMIN','ACTIVO'),
(16,1,1,'2014-02-23','2014-02-23','ADMIN','ACTIVO'),
(25,1,2,'2014-02-23','2014-02-23','ADMIN','ACTIVO'),
(26,1,2,'2014-02-23','2014-02-23','ADMIN','ACTIVO'),
(27,1,2,'2014-02-23','2014-02-23','ADMIN','ACTIVO'),
(28,1,2,'2014-02-23','2014-02-23','ADMIN','ACTIVO'),
(29,1,2,'2014-02-23','2014-02-23','ADMIN','ACTIVO'),
(30,1,2,'2014-02-23','2014-02-23','ADMIN','ACTIVO'),
(31,1,2,'2014-02-23','2014-02-23','ADMIN','ACTIVO'),
(32,1,2,'2014-02-23','2014-02-23','ADMIN','ACTIVO'),
(38,1,2,'2014-02-23','2014-02-23','ADMIN','ACTIVO'),

( 1,1,1,'2014-02-24','2014-02-24','ADMIN','ACTIVO'),
( 2,1,1,'2014-02-24','2014-02-24','ADMIN','ACTIVO'),
( 3,1,1,'2014-02-24','2014-02-24','ADMIN','ACTIVO'),
( 4,1,1,'2014-02-24','2014-02-24','ADMIN','ACTIVO'),
(34,1,1,'2014-02-24','2014-02-24','ADMIN','ACTIVO'),
(6,1,1,'2014-02-24','2014-02-24','ADMIN','ACTIVO'),
(35,1,1,'2014-02-24','2014-02-24','ADMIN','ACTIVO'),
(36,1,1,'2014-02-24','2014-02-24','ADMIN','ACTIVO'),
(9,1,1,'2014-02-24','2014-02-24','ADMIN','ACTIVO'),
(10,1,1,'2014-02-24','2014-02-24','ADMIN','ACTIVO'),
(11,1,1,'2014-02-24','2014-02-24','ADMIN','ACTIVO'),
(37,1,1,'2014-02-24','2014-02-24','ADMIN','ACTIVO'),
(13,1,1,'2014-02-24','2014-02-24','ADMIN','ACTIVO'),
(14,1,1,'2014-02-24','2014-02-24','ADMIN','ACTIVO'),
(15,1,1,'2014-02-24','2014-02-24','ADMIN','ACTIVO'),
(16,1,1,'2014-02-24','2014-02-24','ADMIN','ACTIVO'),
( 17,1,2,'2014-02-24','2014-02-24','ADMIN','ACTIVO'),
(18,1,2,'2014-02-24','2014-02-24','ADMIN','ACTIVO'),
(19,1,2,'2014-02-24','2014-02-24','ADMIN','ACTIVO'),
(20,1,2,'2014-02-24','2014-02-24','ADMIN','ACTIVO'),
(21,1,2,'2014-02-24','2014-02-24','ADMIN','ACTIVO'),
(22,1,2,'2014-02-24','2014-02-24','ADMIN','ACTIVO'),
(23,1,2,'2014-02-24','2014-02-24','ADMIN','ACTIVO'),
(24,1,2,'2014-02-24','2014-02-24','ADMIN','ACTIVO'),
(25,1,2,'2014-02-24','2014-02-24','ADMIN','ACTIVO'),
(26,1,2,'2014-02-24','2014-02-24','ADMIN','ACTIVO'),
(27,1,2,'2014-02-24','2014-02-24','ADMIN','ACTIVO'),
(28,1,2,'2014-02-24','2014-02-24','ADMIN','ACTIVO'),
(29,1,2,'2014-02-24','2014-02-24','ADMIN','ACTIVO'),
(30,1,2,'2014-02-24','2014-02-24','ADMIN','ACTIVO'),
(31,1,2,'2014-02-24','2014-02-24','ADMIN','ACTIVO'),
(32,1,2,'2014-02-24','2014-02-24','ADMIN','ACTIVO'),
(38,1,2,'2014-02-24','2014-02-24','ADMIN','ACTIVO'),

( 1,1,1,'2014-02-25','2014-02-25','ADMIN','ACTIVO'),
( 2,1,1,'2014-02-25','2014-02-25','ADMIN','ACTIVO'),
( 3,1,1,'2014-02-25','2014-02-25','ADMIN','ACTIVO'),
( 4,1,1,'2014-02-25','2014-02-25','ADMIN','ACTIVO'),
(34,1,1,'2014-02-25','2014-02-25','ADMIN','ACTIVO'),
(6,1,1,'2014-02-25','2014-02-25','ADMIN','ACTIVO'),
(35,1,1,'2014-02-25','2014-02-25','ADMIN','ACTIVO'),
(36,1,1,'2014-02-25','2014-02-25','ADMIN','ACTIVO'),
(9,1,1,'2014-02-25','2014-02-25','ADMIN','ACTIVO'),
(10,1,1,'2014-02-25','2014-02-25','ADMIN','ACTIVO'),
(11,1,1,'2014-02-25','2014-02-25','ADMIN','ACTIVO'),
(37,1,1,'2014-02-25','2014-02-25','ADMIN','ACTIVO'),
(13,1,1,'2014-02-25','2014-02-25','ADMIN','ACTIVO'),
(14,1,1,'2014-02-25','2014-02-25','ADMIN','ACTIVO'),
(15,1,1,'2014-02-25','2014-02-25','ADMIN','ACTIVO'),
(16,1,1,'2014-02-25','2014-02-25','ADMIN','ACTIVO'),
( 17,1,2,'2014-02-25','2014-02-25','ADMIN','ACTIVO'),
(18,1,2,'2014-02-25','2014-02-25','ADMIN','ACTIVO'),
(19,1,2,'2014-02-25','2014-02-25','ADMIN','ACTIVO'),
(20,1,2,'2014-02-25','2014-02-25','ADMIN','ACTIVO'),
(21,1,2,'2014-02-25','2014-02-25','ADMIN','ACTIVO'),
(22,1,2,'2014-02-25','2014-02-25','ADMIN','ACTIVO'),
(23,1,2,'2014-02-25','2014-02-25','ADMIN','ACTIVO'),
(24,1,2,'2014-02-25','2014-02-25','ADMIN','ACTIVO'),
(25,1,2,'2014-02-25','2014-02-25','ADMIN','ACTIVO'),
(26,1,2,'2014-02-25','2014-02-25','ADMIN','ACTIVO'),
(27,1,2,'2014-02-25','2014-02-25','ADMIN','ACTIVO'),
(28,1,2,'2014-02-25','2014-02-25','ADMIN','ACTIVO'),
(29,1,2,'2014-02-25','2014-02-25','ADMIN','ACTIVO'),
(30,1,2,'2014-02-25','2014-02-25','ADMIN','ACTIVO'),
(31,1,2,'2014-02-25','2014-02-25','ADMIN','ACTIVO'),
(32,1,2,'2014-02-25','2014-02-25','ADMIN','ACTIVO'),
(38,1,2,'2014-02-25','2014-02-25','ADMIN','ACTIVO'),

( 1,1,1,'2014-02-26','2014-02-26','ADMIN','ACTIVO'),
( 2,1,1,'2014-02-26','2014-02-26','ADMIN','ACTIVO'),
( 3,1,1,'2014-02-26','2014-02-26','ADMIN','ACTIVO'),
( 4,1,1,'2014-02-26','2014-02-26','ADMIN','ACTIVO'),
(34,1,1,'2014-02-26','2014-02-26','ADMIN','ACTIVO'),
(6,1,1,'2014-02-26','2014-02-26','ADMIN','ACTIVO'),
(35,1,1,'2014-02-26','2014-02-26','ADMIN','ACTIVO'),
(36,1,1,'2014-02-26','2014-02-26','ADMIN','ACTIVO'),
(9,1,1,'2014-02-26','2014-02-26','ADMIN','ACTIVO'),
(10,1,1,'2014-02-26','2014-02-26','ADMIN','ACTIVO'),
(11,1,1,'2014-02-26','2014-02-26','ADMIN','ACTIVO'),
(37,1,1,'2014-02-26','2014-02-26','ADMIN','ACTIVO'),
(13,1,1,'2014-02-26','2014-02-26','ADMIN','ACTIVO'),
(14,1,1,'2014-02-26','2014-02-26','ADMIN','ACTIVO'),
(15,1,1,'2014-02-26','2014-02-26','ADMIN','ACTIVO'),
(16,1,1,'2014-02-26','2014-02-26','ADMIN','ACTIVO'),
( 17,1,2,'2014-02-26','2014-02-26','ADMIN','ACTIVO'),
(18,1,2,'2014-02-26','2014-02-26','ADMIN','ACTIVO'),
(19,1,2,'2014-02-26','2014-02-26','ADMIN','ACTIVO'),
(20,1,2,'2014-02-26','2014-02-26','ADMIN','ACTIVO'),
(21,1,2,'2014-02-26','2014-02-26','ADMIN','ACTIVO'),
(22,1,2,'2014-02-26','2014-02-26','ADMIN','ACTIVO'),
(23,1,2,'2014-02-26','2014-02-26','ADMIN','ACTIVO'),
(24,1,2,'2014-02-26','2014-02-26','ADMIN','ACTIVO'),
(25,1,2,'2014-02-26','2014-02-26','ADMIN','ACTIVO'),
(26,1,2,'2014-02-26','2014-02-26','ADMIN','ACTIVO'),
(27,1,2,'2014-02-26','2014-02-26','ADMIN','ACTIVO'),
(28,1,2,'2014-02-26','2014-02-26','ADMIN','ACTIVO'),
(29,1,2,'2014-02-26','2014-02-26','ADMIN','ACTIVO'),
(30,1,2,'2014-02-26','2014-02-26','ADMIN','ACTIVO'),
(31,1,2,'2014-02-26','2014-02-26','ADMIN','ACTIVO'),
(32,1,2,'2014-02-26','2014-02-26','ADMIN','ACTIVO'),
(38,1,2,'2014-02-26','2014-02-26','ADMIN','ACTIVO'),

( 1,1,1,'2014-02-27','2014-02-27','ADMIN','ACTIVO'),
( 2,1,1,'2014-02-27','2014-02-27','ADMIN','ACTIVO'),
( 3,1,1,'2014-02-27','2014-02-27','ADMIN','ACTIVO'),
( 4,1,1,'2014-02-27','2014-02-27','ADMIN','ACTIVO'),
(34,1,1,'2014-02-27','2014-02-27','ADMIN','ACTIVO'),
(6,1,1,'2014-02-27','2014-02-27','ADMIN','ACTIVO'),
(35,1,1,'2014-02-27','2014-02-27','ADMIN','ACTIVO'),
(36,1,1,'2014-02-27','2014-02-27','ADMIN','ACTIVO'),
(9,1,1,'2014-02-27','2014-02-27','ADMIN','ACTIVO'),
(10,1,1,'2014-02-27','2014-02-27','ADMIN','ACTIVO'),
(11,1,1,'2014-02-27','2014-02-27','ADMIN','ACTIVO'),
(37,1,1,'2014-02-27','2014-02-27','ADMIN','ACTIVO'),
(13,1,1,'2014-02-27','2014-02-27','ADMIN','ACTIVO'),
(14,1,1,'2014-02-27','2014-02-27','ADMIN','ACTIVO'),
(15,1,1,'2014-02-27','2014-02-27','ADMIN','ACTIVO'),
(16,1,1,'2014-02-27','2014-02-27','ADMIN','ACTIVO'),
( 17,1,2,'2014-02-27','2014-02-27','ADMIN','ACTIVO'),
(18,1,2,'2014-02-27','2014-02-27','ADMIN','ACTIVO'),
(19,1,2,'2014-02-27','2014-02-27','ADMIN','ACTIVO'),
(20,1,2,'2014-02-27','2014-02-27','ADMIN','ACTIVO'),
(21,1,2,'2014-02-27','2014-02-27','ADMIN','ACTIVO'),
(22,1,2,'2014-02-27','2014-02-27','ADMIN','ACTIVO'),
(23,1,2,'2014-02-27','2014-02-27','ADMIN','ACTIVO'),
(24,1,2,'2014-02-27','2014-02-27','ADMIN','ACTIVO'),
(25,1,2,'2014-02-27','2014-02-27','ADMIN','ACTIVO'),
(26,1,2,'2014-02-27','2014-02-27','ADMIN','ACTIVO'),
(27,1,2,'2014-02-27','2014-02-27','ADMIN','ACTIVO'),
(28,1,2,'2014-02-27','2014-02-27','ADMIN','ACTIVO'),
(29,1,2,'2014-02-27','2014-02-27','ADMIN','ACTIVO'),
(30,1,2,'2014-02-27','2014-02-27','ADMIN','ACTIVO'),
(31,1,2,'2014-02-27','2014-02-27','ADMIN','ACTIVO'),
(32,1,2,'2014-02-27','2014-02-27','ADMIN','ACTIVO'),
(38,1,2,'2014-02-27','2014-02-27','ADMIN','ACTIVO'),

( 1,1,1,'2014-02-28','2014-02-28','ADMIN','ACTIVO'),
( 2,1,1,'2014-02-28','2014-02-28','ADMIN','ACTIVO'),
( 3,1,1,'2014-02-28','2014-02-28','ADMIN','ACTIVO'),
( 4,1,1,'2014-02-28','2014-02-28','ADMIN','ACTIVO'),
(34,1,1,'2014-02-28','2014-02-28','ADMIN','ACTIVO'),
(6,1,1,'2014-02-28','2014-02-28','ADMIN','ACTIVO'),
(35,1,1,'2014-02-28','2014-02-28','ADMIN','ACTIVO'),
(36,1,1,'2014-02-28','2014-02-28','ADMIN','ACTIVO'),
(9,1,1,'2014-02-28','2014-02-28','ADMIN','ACTIVO'),
(10,1,1,'2014-02-28','2014-02-28','ADMIN','ACTIVO'),
(11,1,1,'2014-02-28','2014-02-28','ADMIN','ACTIVO'),
(37,1,1,'2014-02-28','2014-02-28','ADMIN','ACTIVO'),
(13,1,1,'2014-02-28','2014-02-28','ADMIN','ACTIVO'),
(14,1,1,'2014-02-28','2014-02-28','ADMIN','ACTIVO'),
(15,1,1,'2014-02-28','2014-02-28','ADMIN','ACTIVO'),
(16,1,1,'2014-02-28','2014-02-28','ADMIN','ACTIVO'),
( 17,1,2,'2014-02-28','2014-02-28','ADMIN','ACTIVO'),
(18,1,2,'2014-02-28','2014-02-28','ADMIN','ACTIVO'),
(19,1,2,'2014-02-28','2014-02-28','ADMIN','ACTIVO'),
(20,1,2,'2014-02-28','2014-02-28','ADMIN','ACTIVO'),
(21,1,2,'2014-02-28','2014-02-28','ADMIN','ACTIVO'),
(22,1,2,'2014-02-28','2014-02-28','ADMIN','ACTIVO'),
(23,1,2,'2014-02-28','2014-02-28','ADMIN','ACTIVO'),
(24,1,2,'2014-02-28','2014-02-28','ADMIN','ACTIVO'),
(25,1,2,'2014-02-28','2014-02-28','ADMIN','ACTIVO'),
(26,1,2,'2014-02-28','2014-02-28','ADMIN','ACTIVO'),
(27,1,2,'2014-02-28','2014-02-28','ADMIN','ACTIVO'),
(28,1,2,'2014-02-28','2014-02-28','ADMIN','ACTIVO'),
(29,1,2,'2014-02-28','2014-02-28','ADMIN','ACTIVO'),
(30,1,2,'2014-02-28','2014-02-28','ADMIN','ACTIVO'),
(31,1,2,'2014-02-28','2014-02-28','ADMIN','ACTIVO'),
(32,1,2,'2014-02-28','2014-02-28','ADMIN','ACTIVO'),
(38,1,2,'2014-02-28','2014-02-28','ADMIN','ACTIVO');


(9,1,1,'2014-03-01','2014-03-01','ADMIN','ACTIVO'),
(10,1,1,'2014-03-01','2014-03-01','ADMIN','ACTIVO'),
(11,1,1,'2014-03-01','2014-03-01','ADMIN','ACTIVO'),
(37,1,1,'2014-03-01','2014-03-01','ADMIN','ACTIVO'),
(13,1,1,'2014-03-01','2014-03-01','ADMIN','ACTIVO'),
(14,1,1,'2014-03-01','2014-03-01','ADMIN','ACTIVO'),
(15,1,1,'2014-03-01','2014-03-01','ADMIN','ACTIVO'),
(16,1,1,'2014-03-01','2014-03-01','ADMIN','ACTIVO'),
(25,1,2,'2014-03-01','2014-03-01','ADMIN','ACTIVO'),
(26,1,2,'2014-03-01','2014-03-01','ADMIN','ACTIVO'),
(27,1,2,'2014-03-01','2014-03-01','ADMIN','ACTIVO'),
(28,1,2,'2014-03-01','2014-03-01','ADMIN','ACTIVO'),
(29,1,2,'2014-03-01','2014-03-01','ADMIN','ACTIVO'),
(30,1,2,'2014-03-01','2014-03-01','ADMIN','ACTIVO'),
(31,1,2,'2014-03-01','2014-03-01','ADMIN','ACTIVO'),
(32,1,2,'2014-03-01','2014-03-01','ADMIN','ACTIVO'),
(38,1,2,'2014-03-01','2014-03-01','ADMIN','ACTIVO'),

(9,1,1,'2014-03-02','2014-03-02','ADMIN','ACTIVO'),
(10,1,1,'2014-03-02','2014-03-02','ADMIN','ACTIVO'),
(11,1,1,'2014-03-02','2014-03-02','ADMIN','ACTIVO'),
(37,1,1,'2014-03-02','2014-03-02','ADMIN','ACTIVO'),
(13,1,1,'2014-03-02','2014-03-02','ADMIN','ACTIVO'),
(14,1,1,'2014-03-02','2014-03-02','ADMIN','ACTIVO'),
(15,1,1,'2014-03-02','2014-03-02','ADMIN','ACTIVO'),
(16,1,1,'2014-03-02','2014-03-02','ADMIN','ACTIVO'),
(25,1,2,'2014-03-02','2014-03-02','ADMIN','ACTIVO'),
(26,1,2,'2014-03-02','2014-03-02','ADMIN','ACTIVO'),
(27,1,2,'2014-03-02','2014-03-02','ADMIN','ACTIVO'),
(28,1,2,'2014-03-02','2014-03-02','ADMIN','ACTIVO'),
(29,1,2,'2014-03-02','2014-03-02','ADMIN','ACTIVO'),
(30,1,2,'2014-03-02','2014-03-02','ADMIN','ACTIVO'),
(31,1,2,'2014-03-02','2014-03-02','ADMIN','ACTIVO'),
(32,1,2,'2014-03-02','2014-03-02','ADMIN','ACTIVO'),
(38,1,2,'2014-03-02','2014-03-02','ADMIN','ACTIVO'),

( 1,1,1,'2014-03-03','2014-03-03','ADMIN','ACTIVO'),
( 2,1,1,'2014-03-03','2014-03-03','ADMIN','ACTIVO'),
( 3,1,1,'2014-03-03','2014-03-03','ADMIN','ACTIVO'),
( 4,1,1,'2014-03-03','2014-03-03','ADMIN','ACTIVO'),
(34,1,1,'2014-03-03','2014-03-03','ADMIN','ACTIVO'),
(6,1,1,'2014-03-03','2014-03-03','ADMIN','ACTIVO'),
(35,1,1,'2014-03-03','2014-03-03','ADMIN','ACTIVO'),
(36,1,1,'2014-03-03','2014-03-03','ADMIN','ACTIVO'),
(9,1,1,'2014-03-03','2014-03-03','ADMIN','ACTIVO'),
(10,1,1,'2014-03-03','2014-03-03','ADMIN','ACTIVO'),
(11,1,1,'2014-03-03','2014-03-03','ADMIN','ACTIVO'),
(37,1,1,'2014-03-03','2014-03-03','ADMIN','ACTIVO'),
(13,1,1,'2014-03-03','2014-03-03','ADMIN','ACTIVO'),
(14,1,1,'2014-03-03','2014-03-03','ADMIN','ACTIVO'),
(15,1,1,'2014-03-03','2014-03-03','ADMIN','ACTIVO'),
(16,1,1,'2014-03-03','2014-03-03','ADMIN','ACTIVO'),
( 17,1,2,'2014-03-03','2014-03-03','ADMIN','ACTIVO'),
(18,1,2,'2014-03-03','2014-03-03','ADMIN','ACTIVO'),
(19,1,2,'2014-03-03','2014-03-03','ADMIN','ACTIVO'),
(20,1,2,'2014-03-03','2014-03-03','ADMIN','ACTIVO'),
(21,1,2,'2014-03-03','2014-03-03','ADMIN','ACTIVO'),
(22,1,2,'2014-03-03','2014-03-03','ADMIN','ACTIVO'),
(23,1,2,'2014-03-03','2014-03-03','ADMIN','ACTIVO'),
(24,1,2,'2014-03-03','2014-03-03','ADMIN','ACTIVO'),
(25,1,2,'2014-03-03','2014-03-03','ADMIN','ACTIVO'),
(26,1,2,'2014-03-03','2014-03-03','ADMIN','ACTIVO'),
(27,1,2,'2014-03-03','2014-03-03','ADMIN','ACTIVO'),
(28,1,2,'2014-03-03','2014-03-03','ADMIN','ACTIVO'),
(29,1,2,'2014-03-03','2014-03-03','ADMIN','ACTIVO'),
(30,1,2,'2014-03-03','2014-03-03','ADMIN','ACTIVO'),
(31,1,2,'2014-03-03','2014-03-03','ADMIN','ACTIVO'),
(32,1,2,'2014-03-03','2014-03-03','ADMIN','ACTIVO'),
(38,1,2,'2014-03-03','2014-03-03','ADMIN','ACTIVO'),

( 1,1,1,'2014-03-04','2014-03-04','ADMIN','ACTIVO'),
( 2,1,1,'2014-03-04','2014-03-04','ADMIN','ACTIVO'),
( 3,1,1,'2014-03-04','2014-03-04','ADMIN','ACTIVO'),
( 4,1,1,'2014-03-04','2014-03-04','ADMIN','ACTIVO'),
(34,1,1,'2014-03-04','2014-03-04','ADMIN','ACTIVO'),
(6,1,1,'2014-03-04','2014-03-04','ADMIN','ACTIVO'),
(35,1,1,'2014-03-04','2014-03-04','ADMIN','ACTIVO'),
(36,1,1,'2014-03-04','2014-03-04','ADMIN','ACTIVO'),
(9,1,1,'2014-03-04','2014-03-04','ADMIN','ACTIVO'),
(10,1,1,'2014-03-04','2014-03-04','ADMIN','ACTIVO'),
(11,1,1,'2014-03-04','2014-03-04','ADMIN','ACTIVO'),
(37,1,1,'2014-03-04','2014-03-04','ADMIN','ACTIVO'),
(13,1,1,'2014-03-04','2014-03-04','ADMIN','ACTIVO'),
(14,1,1,'2014-03-04','2014-03-04','ADMIN','ACTIVO'),
(15,1,1,'2014-03-04','2014-03-04','ADMIN','ACTIVO'),
(16,1,1,'2014-03-04','2014-03-04','ADMIN','ACTIVO'),
( 17,1,2,'2014-03-04','2014-03-04','ADMIN','ACTIVO'),
(18,1,2,'2014-03-04','2014-03-04','ADMIN','ACTIVO'),
(19,1,2,'2014-03-04','2014-03-04','ADMIN','ACTIVO'),
(20,1,2,'2014-03-04','2014-03-04','ADMIN','ACTIVO'),
(21,1,2,'2014-03-04','2014-03-04','ADMIN','ACTIVO'),
(22,1,2,'2014-03-04','2014-03-04','ADMIN','ACTIVO'),
(23,1,2,'2014-03-04','2014-03-04','ADMIN','ACTIVO'),
(24,1,2,'2014-03-04','2014-03-04','ADMIN','ACTIVO'),
(25,1,2,'2014-03-04','2014-03-04','ADMIN','ACTIVO'),
(26,1,2,'2014-03-04','2014-03-04','ADMIN','ACTIVO'),
(27,1,2,'2014-03-04','2014-03-04','ADMIN','ACTIVO'),
(28,1,2,'2014-03-04','2014-03-04','ADMIN','ACTIVO'),
(29,1,2,'2014-03-04','2014-03-04','ADMIN','ACTIVO'),
(30,1,2,'2014-03-04','2014-03-04','ADMIN','ACTIVO'),
(31,1,2,'2014-03-04','2014-03-04','ADMIN','ACTIVO'),
(32,1,2,'2014-03-04','2014-03-04','ADMIN','ACTIVO'),
(38,1,2,'2014-03-04','2014-03-04','ADMIN','ACTIVO'),

( 1,1,1,'2014-03-05','2014-03-05','ADMIN','ACTIVO'),
( 2,1,1,'2014-03-05','2014-03-05','ADMIN','ACTIVO'),
( 3,1,1,'2014-03-05','2014-03-05','ADMIN','ACTIVO'),
( 4,1,1,'2014-03-05','2014-03-05','ADMIN','ACTIVO'),
(34,1,1,'2014-03-05','2014-03-05','ADMIN','ACTIVO'),
(6,1,1,'2014-03-05','2014-03-05','ADMIN','ACTIVO'),
(35,1,1,'2014-03-05','2014-03-05','ADMIN','ACTIVO'),
(36,1,1,'2014-03-05','2014-03-05','ADMIN','ACTIVO'),
(9,1,1,'2014-03-05','2014-03-05','ADMIN','ACTIVO'),
(10,1,1,'2014-03-05','2014-03-05','ADMIN','ACTIVO'),
(11,1,1,'2014-03-05','2014-03-05','ADMIN','ACTIVO'),
(37,1,1,'2014-03-05','2014-03-05','ADMIN','ACTIVO'),
(13,1,1,'2014-03-05','2014-03-05','ADMIN','ACTIVO'),
(14,1,1,'2014-03-05','2014-03-05','ADMIN','ACTIVO'),
(15,1,1,'2014-03-05','2014-03-05','ADMIN','ACTIVO'),
(16,1,1,'2014-03-05','2014-03-05','ADMIN','ACTIVO'),
( 17,1,2,'2014-03-05','2014-03-05','ADMIN','ACTIVO'),
(18,1,2,'2014-03-05','2014-03-05','ADMIN','ACTIVO'),
(19,1,2,'2014-03-05','2014-03-05','ADMIN','ACTIVO'),
(20,1,2,'2014-03-05','2014-03-05','ADMIN','ACTIVO'),
(21,1,2,'2014-03-05','2014-03-05','ADMIN','ACTIVO'),
(22,1,2,'2014-03-05','2014-03-05','ADMIN','ACTIVO'),
(23,1,2,'2014-03-05','2014-03-05','ADMIN','ACTIVO'),
(24,1,2,'2014-03-05','2014-03-05','ADMIN','ACTIVO'),
(25,1,2,'2014-03-05','2014-03-05','ADMIN','ACTIVO'),
(26,1,2,'2014-03-05','2014-03-05','ADMIN','ACTIVO'),
(27,1,2,'2014-03-05','2014-03-05','ADMIN','ACTIVO'),
(28,1,2,'2014-03-05','2014-03-05','ADMIN','ACTIVO'),
(29,1,2,'2014-03-05','2014-03-05','ADMIN','ACTIVO'),
(30,1,2,'2014-03-05','2014-03-05','ADMIN','ACTIVO'),
(31,1,2,'2014-03-05','2014-03-05','ADMIN','ACTIVO'),
(32,1,2,'2014-03-05','2014-03-05','ADMIN','ACTIVO'),
(38,1,2,'2014-03-05','2014-03-05','ADMIN','ACTIVO'),

( 1,1,1,'2014-03-06','2014-03-06','ADMIN','ACTIVO'),
( 2,1,1,'2014-03-06','2014-03-06','ADMIN','ACTIVO'),
( 3,1,1,'2014-03-06','2014-03-06','ADMIN','ACTIVO'),
( 4,1,1,'2014-03-06','2014-03-06','ADMIN','ACTIVO'),
(34,1,1,'2014-03-06','2014-03-06','ADMIN','ACTIVO'),
(6,1,1,'2014-03-06','2014-03-06','ADMIN','ACTIVO'),
(35,1,1,'2014-03-06','2014-03-06','ADMIN','ACTIVO'),
(36,1,1,'2014-03-06','2014-03-06','ADMIN','ACTIVO'),
(9,1,1,'2014-03-06','2014-03-06','ADMIN','ACTIVO'),
(10,1,1,'2014-03-06','2014-03-06','ADMIN','ACTIVO'),
(11,1,1,'2014-03-06','2014-03-06','ADMIN','ACTIVO'),
(37,1,1,'2014-03-06','2014-03-06','ADMIN','ACTIVO'),
(13,1,1,'2014-03-06','2014-03-06','ADMIN','ACTIVO'),
(14,1,1,'2014-03-06','2014-03-06','ADMIN','ACTIVO'),
(15,1,1,'2014-03-06','2014-03-06','ADMIN','ACTIVO'),
(16,1,1,'2014-03-06','2014-03-06','ADMIN','ACTIVO'),
( 17,1,2,'2014-03-06','2014-03-06','ADMIN','ACTIVO'),
(18,1,2,'2014-03-06','2014-03-06','ADMIN','ACTIVO'),
(19,1,2,'2014-03-06','2014-03-06','ADMIN','ACTIVO'),
(20,1,2,'2014-03-06','2014-03-06','ADMIN','ACTIVO'),
(21,1,2,'2014-03-06','2014-03-06','ADMIN','ACTIVO'),
(22,1,2,'2014-03-06','2014-03-06','ADMIN','ACTIVO'),
(23,1,2,'2014-03-06','2014-03-06','ADMIN','ACTIVO'),
(24,1,2,'2014-03-06','2014-03-06','ADMIN','ACTIVO'),
(25,1,2,'2014-03-06','2014-03-06','ADMIN','ACTIVO'),
(26,1,2,'2014-03-06','2014-03-06','ADMIN','ACTIVO'),
(27,1,2,'2014-03-06','2014-03-06','ADMIN','ACTIVO'),
(28,1,2,'2014-03-06','2014-03-06','ADMIN','ACTIVO'),
(29,1,2,'2014-03-06','2014-03-06','ADMIN','ACTIVO'),
(30,1,2,'2014-03-06','2014-03-06','ADMIN','ACTIVO'),
(31,1,2,'2014-03-06','2014-03-06','ADMIN','ACTIVO'),
(32,1,2,'2014-03-06','2014-03-06','ADMIN','ACTIVO'),
(38,1,2,'2014-03-06','2014-03-06','ADMIN','ACTIVO'),

( 1,1,1,'2014-03-07','2014-03-07','ADMIN','ACTIVO'),
( 2,1,1,'2014-03-07','2014-03-07','ADMIN','ACTIVO'),
( 3,1,1,'2014-03-07','2014-03-07','ADMIN','ACTIVO'),
( 4,1,1,'2014-03-07','2014-03-07','ADMIN','ACTIVO'),
(34,1,1,'2014-03-07','2014-03-07','ADMIN','ACTIVO'),
(6,1,1,'2014-03-07','2014-03-07','ADMIN','ACTIVO'),
(35,1,1,'2014-03-07','2014-03-07','ADMIN','ACTIVO'),
(36,1,1,'2014-03-07','2014-03-07','ADMIN','ACTIVO'),
(9,1,1,'2014-03-07','2014-03-07','ADMIN','ACTIVO'),
(10,1,1,'2014-03-07','2014-03-07','ADMIN','ACTIVO'),
(11,1,1,'2014-03-07','2014-03-07','ADMIN','ACTIVO'),
(37,1,1,'2014-03-07','2014-03-07','ADMIN','ACTIVO'),
(13,1,1,'2014-03-07','2014-03-07','ADMIN','ACTIVO'),
(14,1,1,'2014-03-07','2014-03-07','ADMIN','ACTIVO'),
(15,1,1,'2014-03-07','2014-03-07','ADMIN','ACTIVO'),
(16,1,1,'2014-03-07','2014-03-07','ADMIN','ACTIVO'),
( 17,1,2,'2014-03-07','2014-03-07','ADMIN','ACTIVO'),
(18,1,2,'2014-03-07','2014-03-07','ADMIN','ACTIVO'),
(19,1,2,'2014-03-07','2014-03-07','ADMIN','ACTIVO'),
(20,1,2,'2014-03-07','2014-03-07','ADMIN','ACTIVO'),
(21,1,2,'2014-03-07','2014-03-07','ADMIN','ACTIVO'),
(22,1,2,'2014-03-07','2014-03-07','ADMIN','ACTIVO'),
(23,1,2,'2014-03-07','2014-03-07','ADMIN','ACTIVO'),
(24,1,2,'2014-03-07','2014-03-07','ADMIN','ACTIVO'),
(25,1,2,'2014-03-07','2014-03-07','ADMIN','ACTIVO'),
(26,1,2,'2014-03-07','2014-03-07','ADMIN','ACTIVO'),
(27,1,2,'2014-03-07','2014-03-07','ADMIN','ACTIVO'),
(28,1,2,'2014-03-07','2014-03-07','ADMIN','ACTIVO'),
(29,1,2,'2014-03-07','2014-03-07','ADMIN','ACTIVO'),
(30,1,2,'2014-03-07','2014-03-07','ADMIN','ACTIVO'),
(31,1,2,'2014-03-07','2014-03-07','ADMIN','ACTIVO'),
(32,1,2,'2014-03-07','2014-03-07','ADMIN','ACTIVO'),
(38,1,2,'2014-03-07','2014-03-07','ADMIN','ACTIVO'),



(9,1,1,'2014-03-08','2014-03-08','ADMIN','ACTIVO'),
(10,1,1,'2014-03-08','2014-03-08','ADMIN','ACTIVO'),
(11,1,1,'2014-03-08','2014-03-08','ADMIN','ACTIVO'),
(37,1,1,'2014-03-08','2014-03-08','ADMIN','ACTIVO'),
(13,1,1,'2014-03-08','2014-03-08','ADMIN','ACTIVO'),
(14,1,1,'2014-03-08','2014-03-08','ADMIN','ACTIVO'),
(15,1,1,'2014-03-08','2014-03-08','ADMIN','ACTIVO'),
(16,1,1,'2014-03-08','2014-03-08','ADMIN','ACTIVO'),
(25,1,2,'2014-03-08','2014-03-08','ADMIN','ACTIVO'),
(26,1,2,'2014-03-08','2014-03-08','ADMIN','ACTIVO'),
(27,1,2,'2014-03-08','2014-03-08','ADMIN','ACTIVO'),
(28,1,2,'2014-03-08','2014-03-08','ADMIN','ACTIVO'),
(29,1,2,'2014-03-08','2014-03-08','ADMIN','ACTIVO'),
(30,1,2,'2014-03-08','2014-03-08','ADMIN','ACTIVO'),
(31,1,2,'2014-03-08','2014-03-08','ADMIN','ACTIVO'),
(32,1,2,'2014-03-08','2014-03-08','ADMIN','ACTIVO'),
(38,1,2,'2014-03-08','2014-03-08','ADMIN','ACTIVO'),

(9,1,1,'2014-03-09','2014-03-09','ADMIN','ACTIVO'),
(10,1,1,'2014-03-09','2014-03-09','ADMIN','ACTIVO'),
(11,1,1,'2014-03-09','2014-03-09','ADMIN','ACTIVO'),
(37,1,1,'2014-03-09','2014-03-09','ADMIN','ACTIVO'),
(13,1,1,'2014-03-09','2014-03-09','ADMIN','ACTIVO'),
(14,1,1,'2014-03-09','2014-03-09','ADMIN','ACTIVO'),
(15,1,1,'2014-03-09','2014-03-09','ADMIN','ACTIVO'),
(16,1,1,'2014-03-09','2014-03-09','ADMIN','ACTIVO'),
(25,1,2,'2014-03-09','2014-03-09','ADMIN','ACTIVO'),
(26,1,2,'2014-03-09','2014-03-09','ADMIN','ACTIVO'),
(27,1,2,'2014-03-09','2014-03-09','ADMIN','ACTIVO'),
(28,1,2,'2014-03-09','2014-03-09','ADMIN','ACTIVO'),
(29,1,2,'2014-03-09','2014-03-09','ADMIN','ACTIVO'),
(30,1,2,'2014-03-09','2014-03-09','ADMIN','ACTIVO'),
(31,1,2,'2014-03-09','2014-03-09','ADMIN','ACTIVO'),
(32,1,2,'2014-03-09','2014-03-09','ADMIN','ACTIVO'),
(38,1,2,'2014-03-09','2014-03-09','ADMIN','ACTIVO'),

( 1,1,1,'2014-03-10','2014-03-10','ADMIN','ACTIVO'),
( 2,1,1,'2014-03-10','2014-03-10','ADMIN','ACTIVO'),
( 3,1,1,'2014-03-10','2014-03-10','ADMIN','ACTIVO'),
( 4,1,1,'2014-03-10','2014-03-10','ADMIN','ACTIVO'),
(34,1,1,'2014-03-10','2014-03-10','ADMIN','ACTIVO'),
(6,1,1,'2014-03-10','2014-03-10','ADMIN','ACTIVO'),
(35,1,1,'2014-03-10','2014-03-10','ADMIN','ACTIVO'),
(36,1,1,'2014-03-10','2014-03-10','ADMIN','ACTIVO'),
(9,1,1,'2014-03-10','2014-03-10','ADMIN','ACTIVO'),
(10,1,1,'2014-03-10','2014-03-10','ADMIN','ACTIVO'),
(11,1,1,'2014-03-10','2014-03-10','ADMIN','ACTIVO'),
(37,1,1,'2014-03-10','2014-03-10','ADMIN','ACTIVO'),
(13,1,1,'2014-03-10','2014-03-10','ADMIN','ACTIVO'),
(14,1,1,'2014-03-10','2014-03-10','ADMIN','ACTIVO'),
(15,1,1,'2014-03-10','2014-03-10','ADMIN','ACTIVO'),
(16,1,1,'2014-03-10','2014-03-10','ADMIN','ACTIVO'),
( 17,1,2,'2014-03-10','2014-03-10','ADMIN','ACTIVO'),
(18,1,2,'2014-03-10','2014-03-10','ADMIN','ACTIVO'),
(19,1,2,'2014-03-10','2014-03-10','ADMIN','ACTIVO'),
(20,1,2,'2014-03-10','2014-03-10','ADMIN','ACTIVO'),
(21,1,2,'2014-03-10','2014-03-10','ADMIN','ACTIVO'),
(22,1,2,'2014-03-10','2014-03-10','ADMIN','ACTIVO'),
(23,1,2,'2014-03-10','2014-03-10','ADMIN','ACTIVO'),
(24,1,2,'2014-03-10','2014-03-10','ADMIN','ACTIVO'),
(25,1,2,'2014-03-10','2014-03-10','ADMIN','ACTIVO'),
(26,1,2,'2014-03-10','2014-03-10','ADMIN','ACTIVO'),
(27,1,2,'2014-03-10','2014-03-10','ADMIN','ACTIVO'),
(28,1,2,'2014-03-10','2014-03-10','ADMIN','ACTIVO'),
(29,1,2,'2014-03-10','2014-03-10','ADMIN','ACTIVO'),
(30,1,2,'2014-03-10','2014-03-10','ADMIN','ACTIVO'),
(31,1,2,'2014-03-10','2014-03-10','ADMIN','ACTIVO'),
(32,1,2,'2014-03-10','2014-03-10','ADMIN','ACTIVO'),
(38,1,2,'2014-03-10','2014-03-10','ADMIN','ACTIVO'),

( 1,1,1,'2014-03-11','2014-03-11','ADMIN','ACTIVO'),
( 2,1,1,'2014-03-11','2014-03-11','ADMIN','ACTIVO'),
( 3,1,1,'2014-03-11','2014-03-11','ADMIN','ACTIVO'),
( 4,1,1,'2014-03-11','2014-03-11','ADMIN','ACTIVO'),
(34,1,1,'2014-03-11','2014-03-11','ADMIN','ACTIVO'),
(6,1,1,'2014-03-11','2014-03-11','ADMIN','ACTIVO'),
(35,1,1,'2014-03-11','2014-03-11','ADMIN','ACTIVO'),
(36,1,1,'2014-03-11','2014-03-11','ADMIN','ACTIVO'),
(9,1,1,'2014-03-11','2014-03-11','ADMIN','ACTIVO'),
(10,1,1,'2014-03-11','2014-03-11','ADMIN','ACTIVO'),
(11,1,1,'2014-03-11','2014-03-11','ADMIN','ACTIVO'),
(37,1,1,'2014-03-11','2014-03-11','ADMIN','ACTIVO'),
(13,1,1,'2014-03-11','2014-03-11','ADMIN','ACTIVO'),
(14,1,1,'2014-03-11','2014-03-11','ADMIN','ACTIVO'),
(15,1,1,'2014-03-11','2014-03-11','ADMIN','ACTIVO'),
(16,1,1,'2014-03-11','2014-03-11','ADMIN','ACTIVO'),
( 17,1,2,'2014-03-11','2014-03-11','ADMIN','ACTIVO'),
(18,1,2,'2014-03-11','2014-03-11','ADMIN','ACTIVO'),
(19,1,2,'2014-03-11','2014-03-11','ADMIN','ACTIVO'),
(20,1,2,'2014-03-11','2014-03-11','ADMIN','ACTIVO'),
(21,1,2,'2014-03-11','2014-03-11','ADMIN','ACTIVO'),
(22,1,2,'2014-03-11','2014-03-11','ADMIN','ACTIVO'),
(23,1,2,'2014-03-11','2014-03-11','ADMIN','ACTIVO'),
(24,1,2,'2014-03-11','2014-03-11','ADMIN','ACTIVO'),
(25,1,2,'2014-03-11','2014-03-11','ADMIN','ACTIVO'),
(26,1,2,'2014-03-11','2014-03-11','ADMIN','ACTIVO'),
(27,1,2,'2014-03-11','2014-03-11','ADMIN','ACTIVO'),
(28,1,2,'2014-03-11','2014-03-11','ADMIN','ACTIVO'),
(29,1,2,'2014-03-11','2014-03-11','ADMIN','ACTIVO'),
(30,1,2,'2014-03-11','2014-03-11','ADMIN','ACTIVO'),
(31,1,2,'2014-03-11','2014-03-11','ADMIN','ACTIVO'),
(32,1,2,'2014-03-11','2014-03-11','ADMIN','ACTIVO'),
(38,1,2,'2014-03-11','2014-03-11','ADMIN','ACTIVO'),

( 1,1,1,'2014-03-12','2014-03-12','ADMIN','ACTIVO'),
( 2,1,1,'2014-03-12','2014-03-12','ADMIN','ACTIVO'),
( 3,1,1,'2014-03-12','2014-03-12','ADMIN','ACTIVO'),
( 4,1,1,'2014-03-12','2014-03-12','ADMIN','ACTIVO'),
(34,1,1,'2014-03-12','2014-03-12','ADMIN','ACTIVO'),
(6,1,1,'2014-03-12','2014-03-12','ADMIN','ACTIVO'),
(35,1,1,'2014-03-12','2014-03-12','ADMIN','ACTIVO'),
(36,1,1,'2014-03-12','2014-03-12','ADMIN','ACTIVO'),
(9,1,1,'2014-03-12','2014-03-12','ADMIN','ACTIVO'),
(10,1,1,'2014-03-12','2014-03-12','ADMIN','ACTIVO'),
(11,1,1,'2014-03-12','2014-03-12','ADMIN','ACTIVO'),
(37,1,1,'2014-03-12','2014-03-12','ADMIN','ACTIVO'),
(13,1,1,'2014-03-12','2014-03-12','ADMIN','ACTIVO'),
(14,1,1,'2014-03-12','2014-03-12','ADMIN','ACTIVO'),
(15,1,1,'2014-03-12','2014-03-12','ADMIN','ACTIVO'),
(16,1,1,'2014-03-12','2014-03-12','ADMIN','ACTIVO'),
( 17,1,2,'2014-03-12','2014-03-12','ADMIN','ACTIVO'),
(18,1,2,'2014-03-12','2014-03-12','ADMIN','ACTIVO'),
(19,1,2,'2014-03-12','2014-03-12','ADMIN','ACTIVO'),
(20,1,2,'2014-03-12','2014-03-12','ADMIN','ACTIVO'),
(21,1,2,'2014-03-12','2014-03-12','ADMIN','ACTIVO'),
(22,1,2,'2014-03-12','2014-03-12','ADMIN','ACTIVO'),
(23,1,2,'2014-03-12','2014-03-12','ADMIN','ACTIVO'),
(24,1,2,'2014-03-12','2014-03-12','ADMIN','ACTIVO'),
(25,1,2,'2014-03-12','2014-03-12','ADMIN','ACTIVO'),
(26,1,2,'2014-03-12','2014-03-12','ADMIN','ACTIVO'),
(27,1,2,'2014-03-12','2014-03-12','ADMIN','ACTIVO'),
(28,1,2,'2014-03-12','2014-03-12','ADMIN','ACTIVO'),
(29,1,2,'2014-03-12','2014-03-12','ADMIN','ACTIVO'),
(30,1,2,'2014-03-12','2014-03-12','ADMIN','ACTIVO'),
(31,1,2,'2014-03-12','2014-03-12','ADMIN','ACTIVO'),
(32,1,2,'2014-03-12','2014-03-12','ADMIN','ACTIVO'),
(38,1,2,'2014-03-12','2014-03-12','ADMIN','ACTIVO'),

( 1,1,1,'2014-03-13','2014-03-13','ADMIN','ACTIVO'),
( 2,1,1,'2014-03-13','2014-03-13','ADMIN','ACTIVO'),
( 3,1,1,'2014-03-13','2014-03-13','ADMIN','ACTIVO'),
( 4,1,1,'2014-03-13','2014-03-13','ADMIN','ACTIVO'),
(34,1,1,'2014-03-13','2014-03-13','ADMIN','ACTIVO'),
(6,1,1,'2014-03-13','2014-03-13','ADMIN','ACTIVO'),
(35,1,1,'2014-03-13','2014-03-13','ADMIN','ACTIVO'),
(36,1,1,'2014-03-13','2014-03-13','ADMIN','ACTIVO'),
(9,1,1,'2014-03-13','2014-03-13','ADMIN','ACTIVO'),
(10,1,1,'2014-03-13','2014-03-13','ADMIN','ACTIVO'),
(11,1,1,'2014-03-13','2014-03-13','ADMIN','ACTIVO'),
(37,1,1,'2014-03-13','2014-03-13','ADMIN','ACTIVO'),
(13,1,1,'2014-03-13','2014-03-13','ADMIN','ACTIVO'),
(14,1,1,'2014-03-13','2014-03-13','ADMIN','ACTIVO'),
(15,1,1,'2014-03-13','2014-03-13','ADMIN','ACTIVO'),
(16,1,1,'2014-03-13','2014-03-13','ADMIN','ACTIVO'),
( 17,1,2,'2014-03-13','2014-03-13','ADMIN','ACTIVO'),
(18,1,2,'2014-03-13','2014-03-13','ADMIN','ACTIVO'),
(19,1,2,'2014-03-13','2014-03-13','ADMIN','ACTIVO'),
(20,1,2,'2014-03-13','2014-03-13','ADMIN','ACTIVO'),
(21,1,2,'2014-03-13','2014-03-13','ADMIN','ACTIVO'),
(22,1,2,'2014-03-13','2014-03-13','ADMIN','ACTIVO'),
(23,1,2,'2014-03-13','2014-03-13','ADMIN','ACTIVO'),
(24,1,2,'2014-03-13','2014-03-13','ADMIN','ACTIVO'),
(25,1,2,'2014-03-13','2014-03-13','ADMIN','ACTIVO'),
(26,1,2,'2014-03-13','2014-03-13','ADMIN','ACTIVO'),
(27,1,2,'2014-03-13','2014-03-13','ADMIN','ACTIVO'),
(28,1,2,'2014-03-13','2014-03-13','ADMIN','ACTIVO'),
(29,1,2,'2014-03-13','2014-03-13','ADMIN','ACTIVO'),
(30,1,2,'2014-03-13','2014-03-13','ADMIN','ACTIVO'),
(31,1,2,'2014-03-13','2014-03-13','ADMIN','ACTIVO'),
(32,1,2,'2014-03-13','2014-03-13','ADMIN','ACTIVO'),
(38,1,2,'2014-03-13','2014-03-13','ADMIN','ACTIVO'),

( 1,1,1,'2014-03-14','2014-03-14','ADMIN','ACTIVO'),
( 2,1,1,'2014-03-14','2014-03-14','ADMIN','ACTIVO'),
( 3,1,1,'2014-03-14','2014-03-14','ADMIN','ACTIVO'),
( 4,1,1,'2014-03-14','2014-03-14','ADMIN','ACTIVO'),
(34,1,1,'2014-03-14','2014-03-14','ADMIN','ACTIVO'),
(6,1,1,'2014-03-14','2014-03-14','ADMIN','ACTIVO'),
(35,1,1,'2014-03-14','2014-03-14','ADMIN','ACTIVO'),
(36,1,1,'2014-03-14','2014-03-14','ADMIN','ACTIVO'),
(9,1,1,'2014-03-14','2014-03-14','ADMIN','ACTIVO'),
(10,1,1,'2014-03-14','2014-03-14','ADMIN','ACTIVO'),
(11,1,1,'2014-03-14','2014-03-14','ADMIN','ACTIVO'),
(37,1,1,'2014-03-14','2014-03-14','ADMIN','ACTIVO'),
(13,1,1,'2014-03-14','2014-03-14','ADMIN','ACTIVO'),
(14,1,1,'2014-03-14','2014-03-14','ADMIN','ACTIVO'),
(15,1,1,'2014-03-14','2014-03-14','ADMIN','ACTIVO'),
(16,1,1,'2014-03-14','2014-03-14','ADMIN','ACTIVO'),
( 17,1,2,'2014-03-14','2014-03-14','ADMIN','ACTIVO'),
(18,1,2,'2014-03-14','2014-03-14','ADMIN','ACTIVO'),
(19,1,2,'2014-03-14','2014-03-14','ADMIN','ACTIVO'),
(20,1,2,'2014-03-14','2014-03-14','ADMIN','ACTIVO'),
(21,1,2,'2014-03-14','2014-03-14','ADMIN','ACTIVO'),
(22,1,2,'2014-03-14','2014-03-14','ADMIN','ACTIVO'),
(23,1,2,'2014-03-14','2014-03-14','ADMIN','ACTIVO'),
(24,1,2,'2014-03-14','2014-03-14','ADMIN','ACTIVO'),
(25,1,2,'2014-03-14','2014-03-14','ADMIN','ACTIVO'),
(26,1,2,'2014-03-14','2014-03-14','ADMIN','ACTIVO'),
(27,1,2,'2014-03-14','2014-03-14','ADMIN','ACTIVO'),
(28,1,2,'2014-03-14','2014-03-14','ADMIN','ACTIVO'),
(29,1,2,'2014-03-14','2014-03-14','ADMIN','ACTIVO'),
(30,1,2,'2014-03-14','2014-03-14','ADMIN','ACTIVO'),
(31,1,2,'2014-03-14','2014-03-14','ADMIN','ACTIVO'),
(32,1,2,'2014-03-14','2014-03-14','ADMIN','ACTIVO'),
(38,1,2,'2014-03-14','2014-03-14','ADMIN','ACTIVO'),


(9,1,1,'2014-03-15','2014-03-15','ADMIN','ACTIVO'),
(10,1,1,'2014-03-15','2014-03-15','ADMIN','ACTIVO'),
(11,1,1,'2014-03-15','2014-03-15','ADMIN','ACTIVO'),
(37,1,1,'2014-03-15','2014-03-15','ADMIN','ACTIVO'),
(13,1,1,'2014-03-15','2014-03-15','ADMIN','ACTIVO'),
(14,1,1,'2014-03-15','2014-03-15','ADMIN','ACTIVO'),
(15,1,1,'2014-03-15','2014-03-15','ADMIN','ACTIVO'),
(16,1,1,'2014-03-15','2014-03-15','ADMIN','ACTIVO'),
(25,1,2,'2014-03-15','2014-03-15','ADMIN','ACTIVO'),
(26,1,2,'2014-03-15','2014-03-15','ADMIN','ACTIVO'),
(27,1,2,'2014-03-15','2014-03-15','ADMIN','ACTIVO'),
(28,1,2,'2014-03-15','2014-03-15','ADMIN','ACTIVO'),
(29,1,2,'2014-03-15','2014-03-15','ADMIN','ACTIVO'),
(30,1,2,'2014-03-15','2014-03-15','ADMIN','ACTIVO'),
(31,1,2,'2014-03-15','2014-03-15','ADMIN','ACTIVO'),
(32,1,2,'2014-03-15','2014-03-15','ADMIN','ACTIVO'),
(38,1,2,'2014-03-15','2014-03-15','ADMIN','ACTIVO'),

(9,1,1,'2014-03-16','2014-03-16','ADMIN','ACTIVO'),
(10,1,1,'2014-03-16','2014-03-16','ADMIN','ACTIVO'),
(11,1,1,'2014-03-16','2014-03-16','ADMIN','ACTIVO'),
(37,1,1,'2014-03-16','2014-03-16','ADMIN','ACTIVO'),
(13,1,1,'2014-03-16','2014-03-16','ADMIN','ACTIVO'),
(14,1,1,'2014-03-16','2014-03-16','ADMIN','ACTIVO'),
(15,1,1,'2014-03-16','2014-03-16','ADMIN','ACTIVO'),
(16,1,1,'2014-03-16','2014-03-16','ADMIN','ACTIVO'),
(25,1,2,'2014-03-16','2014-03-16','ADMIN','ACTIVO'),
(26,1,2,'2014-03-16','2014-03-16','ADMIN','ACTIVO'),
(27,1,2,'2014-03-16','2014-03-16','ADMIN','ACTIVO'),
(28,1,2,'2014-03-16','2014-03-16','ADMIN','ACTIVO'),
(29,1,2,'2014-03-16','2014-03-16','ADMIN','ACTIVO'),
(30,1,2,'2014-03-16','2014-03-16','ADMIN','ACTIVO'),
(31,1,2,'2014-03-16','2014-03-16','ADMIN','ACTIVO'),
(32,1,2,'2014-03-16','2014-03-16','ADMIN','ACTIVO'),
(38,1,2,'2014-03-16','2014-03-16','ADMIN','ACTIVO'),

( 1,1,1,'2014-03-17','2014-03-17','ADMIN','ACTIVO'),
( 2,1,1,'2014-03-17','2014-03-17','ADMIN','ACTIVO'),
( 3,1,1,'2014-03-17','2014-03-17','ADMIN','ACTIVO'),
( 4,1,1,'2014-03-17','2014-03-17','ADMIN','ACTIVO'),
(34,1,1,'2014-03-17','2014-03-17','ADMIN','ACTIVO'),
(6,1,1,'2014-03-17','2014-03-17','ADMIN','ACTIVO'),
(35,1,1,'2014-03-17','2014-03-17','ADMIN','ACTIVO'),
(36,1,1,'2014-03-17','2014-03-17','ADMIN','ACTIVO'),
(9,1,1,'2014-03-17','2014-03-17','ADMIN','ACTIVO'),
(10,1,1,'2014-03-17','2014-03-17','ADMIN','ACTIVO'),
(11,1,1,'2014-03-17','2014-03-17','ADMIN','ACTIVO'),
(37,1,1,'2014-03-17','2014-03-17','ADMIN','ACTIVO'),
(13,1,1,'2014-03-17','2014-03-17','ADMIN','ACTIVO'),
(14,1,1,'2014-03-17','2014-03-17','ADMIN','ACTIVO'),
(15,1,1,'2014-03-17','2014-03-17','ADMIN','ACTIVO'),
(16,1,1,'2014-03-17','2014-03-17','ADMIN','ACTIVO'),
( 17,1,2,'2014-03-17','2014-03-17','ADMIN','ACTIVO'),
(18,1,2,'2014-03-17','2014-03-17','ADMIN','ACTIVO'),
(19,1,2,'2014-03-17','2014-03-17','ADMIN','ACTIVO'),
(20,1,2,'2014-03-17','2014-03-17','ADMIN','ACTIVO'),
(21,1,2,'2014-03-17','2014-03-17','ADMIN','ACTIVO'),
(22,1,2,'2014-03-17','2014-03-17','ADMIN','ACTIVO'),
(23,1,2,'2014-03-17','2014-03-17','ADMIN','ACTIVO'),
(24,1,2,'2014-03-17','2014-03-17','ADMIN','ACTIVO'),
(25,1,2,'2014-03-17','2014-03-17','ADMIN','ACTIVO'),
(26,1,2,'2014-03-17','2014-03-17','ADMIN','ACTIVO'),
(27,1,2,'2014-03-17','2014-03-17','ADMIN','ACTIVO'),
(28,1,2,'2014-03-17','2014-03-17','ADMIN','ACTIVO'),
(29,1,2,'2014-03-17','2014-03-17','ADMIN','ACTIVO'),
(30,1,2,'2014-03-17','2014-03-17','ADMIN','ACTIVO'),
(31,1,2,'2014-03-17','2014-03-17','ADMIN','ACTIVO'),
(32,1,2,'2014-03-17','2014-03-17','ADMIN','ACTIVO'),
(38,1,2,'2014-03-17','2014-03-17','ADMIN','ACTIVO'),

( 1,1,1,'2014-03-18','2014-03-18','ADMIN','ACTIVO'),
( 2,1,1,'2014-03-18','2014-03-18','ADMIN','ACTIVO'),
( 3,1,1,'2014-03-18','2014-03-18','ADMIN','ACTIVO'),
( 4,1,1,'2014-03-18','2014-03-18','ADMIN','ACTIVO'),
(34,1,1,'2014-03-18','2014-03-18','ADMIN','ACTIVO'),
(6,1,1,'2014-03-18','2014-03-18','ADMIN','ACTIVO'),
(35,1,1,'2014-03-18','2014-03-18','ADMIN','ACTIVO'),
(36,1,1,'2014-03-18','2014-03-18','ADMIN','ACTIVO'),
(9,1,1,'2014-03-18','2014-03-18','ADMIN','ACTIVO'),
(10,1,1,'2014-03-18','2014-03-18','ADMIN','ACTIVO'),
(11,1,1,'2014-03-18','2014-03-18','ADMIN','ACTIVO'),
(37,1,1,'2014-03-18','2014-03-18','ADMIN','ACTIVO'),
(13,1,1,'2014-03-18','2014-03-18','ADMIN','ACTIVO'),
(14,1,1,'2014-03-18','2014-03-18','ADMIN','ACTIVO'),
(15,1,1,'2014-03-18','2014-03-18','ADMIN','ACTIVO'),
(16,1,1,'2014-03-18','2014-03-18','ADMIN','ACTIVO'),
( 17,1,2,'2014-03-18','2014-03-18','ADMIN','ACTIVO'),
(18,1,2,'2014-03-18','2014-03-18','ADMIN','ACTIVO'),
(19,1,2,'2014-03-18','2014-03-18','ADMIN','ACTIVO'),
(20,1,2,'2014-03-18','2014-03-18','ADMIN','ACTIVO'),
(21,1,2,'2014-03-18','2014-03-18','ADMIN','ACTIVO'),
(22,1,2,'2014-03-18','2014-03-18','ADMIN','ACTIVO'),
(23,1,2,'2014-03-18','2014-03-18','ADMIN','ACTIVO'),
(24,1,2,'2014-03-18','2014-03-18','ADMIN','ACTIVO'),
(25,1,2,'2014-03-18','2014-03-18','ADMIN','ACTIVO'),
(26,1,2,'2014-03-18','2014-03-18','ADMIN','ACTIVO'),
(27,1,2,'2014-03-18','2014-03-18','ADMIN','ACTIVO'),
(28,1,2,'2014-03-18','2014-03-18','ADMIN','ACTIVO'),
(29,1,2,'2014-03-18','2014-03-18','ADMIN','ACTIVO'),
(30,1,2,'2014-03-18','2014-03-18','ADMIN','ACTIVO'),
(31,1,2,'2014-03-18','2014-03-18','ADMIN','ACTIVO'),
(32,1,2,'2014-03-18','2014-03-18','ADMIN','ACTIVO'),
(38,1,2,'2014-03-18','2014-03-18','ADMIN','ACTIVO');









--  hasta aqui
( 2,1,1,'2014-02-25','2014-02-25','ADMIN','ACTIVO'),
( 3,1,1,'2014-02-25','2014-02-25','ADMIN','ACTIVO'),
( 4,1,1,'2014-02-25','2014-02-25','ADMIN','ACTIVO'),
( 9,1,1,'2014-02-25','2014-02-25','ADMIN','ACTIVO'),
(16,1,1,'2014-02-25','2014-02-25','ADMIN','ACTIVO'),
(21,1,1,'2014-02-25','2014-02-25','ADMIN','ACTIVO'),
(33,1,1,'2014-02-25','2014-02-25','ADMIN','ACTIVO'),
(36,1,1,'2014-02-25','2014-02-25','ADMIN','ACTIVO'),
(39,1,1,'2014-02-25','2014-02-25','ADMIN','ACTIVO'),
(41,1,1,'2014-02-25','2014-02-25','ADMIN','ACTIVO'),
(42,1,1,'2014-02-25','2014-02-25','ADMIN','ACTIVO'),
(45,1,1,'2014-02-25','2014-02-25','ADMIN','ACTIVO'),
(47,1,1,'2014-02-25','2014-02-25','ADMIN','ACTIVO'),
(56,1,1,'2014-02-25','2014-02-25','ADMIN','ACTIVO'),
(58,1,1,'2014-02-25','2014-02-25','ADMIN','ACTIVO'),
(60,1,1,'2014-02-25','2014-02-25','ADMIN','ACTIVO'),
( 8,1,2,'2014-02-25','2014-02-25','ADMIN','ACTIVO'),
(12,1,2,'2014-02-25','2014-02-25','ADMIN','ACTIVO'),
(13,1,2,'2014-02-25','2014-02-25','ADMIN','ACTIVO'),
(14,1,2,'2014-02-25','2014-02-25','ADMIN','ACTIVO'),
(18,1,2,'2014-02-25','2014-02-25','ADMIN','ACTIVO'),
(22,1,2,'2014-02-25','2014-02-25','ADMIN','ACTIVO'),
(23,1,2,'2014-02-25','2014-02-25','ADMIN','ACTIVO'),
(24,1,2,'2014-02-25','2014-02-25','ADMIN','ACTIVO'),
(25,1,2,'2014-02-25','2014-02-25','ADMIN','ACTIVO'),
(26,1,2,'2014-02-25','2014-02-25','ADMIN','ACTIVO'),
(27,1,2,'2014-02-25','2014-02-25','ADMIN','ACTIVO'),
(31,1,2,'2014-02-25','2014-02-25','ADMIN','ACTIVO'),
(32,1,2,'2014-02-25','2014-02-25','ADMIN','ACTIVO'),
(37,1,2,'2014-02-25','2014-02-25','ADMIN','ACTIVO'),
(40,1,2,'2014-02-25','2014-02-25','ADMIN','ACTIVO'),
(46,1,2,'2014-02-25','2014-02-25','ADMIN','ACTIVO'),
(48,1,2,'2014-02-25','2014-02-25','ADMIN','ACTIVO'),

( 2,1,1,'2014-02-26','2014-02-26','ADMIN','ACTIVO'),
( 3,1,1,'2014-02-26','2014-02-26','ADMIN','ACTIVO'),
( 4,1,1,'2014-02-26','2014-02-26','ADMIN','ACTIVO'),
( 9,1,1,'2014-02-26','2014-02-26','ADMIN','ACTIVO'),
(16,1,1,'2014-02-26','2014-02-26','ADMIN','ACTIVO'),
(21,1,1,'2014-02-26','2014-02-26','ADMIN','ACTIVO'),
(33,1,1,'2014-02-26','2014-02-26','ADMIN','ACTIVO'),
(36,1,1,'2014-02-26','2014-02-26','ADMIN','ACTIVO'),
(39,1,1,'2014-02-26','2014-02-26','ADMIN','ACTIVO'),
(41,1,1,'2014-02-26','2014-02-26','ADMIN','ACTIVO'),
(42,1,1,'2014-02-26','2014-02-26','ADMIN','ACTIVO'),
(45,1,1,'2014-02-26','2014-02-26','ADMIN','ACTIVO'),
(47,1,1,'2014-02-26','2014-02-26','ADMIN','ACTIVO'),
(56,1,1,'2014-02-26','2014-02-26','ADMIN','ACTIVO'),
(58,1,1,'2014-02-26','2014-02-26','ADMIN','ACTIVO'),
(60,1,1,'2014-02-26','2014-02-26','ADMIN','ACTIVO'),
( 8,1,2,'2014-02-26','2014-02-26','ADMIN','ACTIVO'),
(12,1,2,'2014-02-26','2014-02-26','ADMIN','ACTIVO'),
(13,1,2,'2014-02-26','2014-02-26','ADMIN','ACTIVO'),
(14,1,2,'2014-02-26','2014-02-26','ADMIN','ACTIVO'),
(18,1,2,'2014-02-26','2014-02-26','ADMIN','ACTIVO'),
(22,1,2,'2014-02-26','2014-02-26','ADMIN','ACTIVO'),
(23,1,2,'2014-02-26','2014-02-26','ADMIN','ACTIVO'),
(24,1,2,'2014-02-26','2014-02-26','ADMIN','ACTIVO'),
(25,1,2,'2014-02-26','2014-02-26','ADMIN','ACTIVO'),
(26,1,2,'2014-02-26','2014-02-26','ADMIN','ACTIVO'),
(27,1,2,'2014-02-26','2014-02-26','ADMIN','ACTIVO'),
(31,1,2,'2014-02-26','2014-02-26','ADMIN','ACTIVO'),
(32,1,2,'2014-02-26','2014-02-26','ADMIN','ACTIVO'),
(37,1,2,'2014-02-26','2014-02-26','ADMIN','ACTIVO'),
(40,1,2,'2014-02-26','2014-02-26','ADMIN','ACTIVO'),
(46,1,2,'2014-02-26','2014-02-26','ADMIN','ACTIVO'),
(48,1,2,'2014-02-26','2014-02-26','ADMIN','ACTIVO'),

( 2,1,1,'2014-02-27','2014-02-27','ADMIN','ACTIVO'),
( 3,1,1,'2014-02-27','2014-02-27','ADMIN','ACTIVO'),
( 4,1,1,'2014-02-27','2014-02-27','ADMIN','ACTIVO'),
( 9,1,1,'2014-02-27','2014-02-27','ADMIN','ACTIVO'),
(16,1,1,'2014-02-27','2014-02-27','ADMIN','ACTIVO'),
(21,1,1,'2014-02-27','2014-02-27','ADMIN','ACTIVO'),
(33,1,1,'2014-02-27','2014-02-27','ADMIN','ACTIVO'),
(36,1,1,'2014-02-27','2014-02-27','ADMIN','ACTIVO'),
(39,1,1,'2014-02-27','2014-02-27','ADMIN','ACTIVO'),
(41,1,1,'2014-02-27','2014-02-27','ADMIN','ACTIVO'),
(42,1,1,'2014-02-27','2014-02-27','ADMIN','ACTIVO'),
(45,1,1,'2014-02-27','2014-02-27','ADMIN','ACTIVO'),
(47,1,1,'2014-02-27','2014-02-27','ADMIN','ACTIVO'),
(56,1,1,'2014-02-27','2014-02-27','ADMIN','ACTIVO'),
(58,1,1,'2014-02-27','2014-02-27','ADMIN','ACTIVO'),
(60,1,1,'2014-02-27','2014-02-27','ADMIN','ACTIVO'),
( 8,1,2,'2014-02-27','2014-02-27','ADMIN','ACTIVO'),
(12,1,2,'2014-02-27','2014-02-27','ADMIN','ACTIVO'),
(13,1,2,'2014-02-27','2014-02-27','ADMIN','ACTIVO'),
(14,1,2,'2014-02-27','2014-02-27','ADMIN','ACTIVO'),
(18,1,2,'2014-02-27','2014-02-27','ADMIN','ACTIVO'),
(22,1,2,'2014-02-27','2014-02-27','ADMIN','ACTIVO'),
(23,1,2,'2014-02-27','2014-02-27','ADMIN','ACTIVO'),
(24,1,2,'2014-02-27','2014-02-27','ADMIN','ACTIVO'),
(25,1,2,'2014-02-27','2014-02-27','ADMIN','ACTIVO'),
(26,1,2,'2014-02-27','2014-02-27','ADMIN','ACTIVO'),
(27,1,2,'2014-02-27','2014-02-27','ADMIN','ACTIVO'),
(31,1,2,'2014-02-27','2014-02-27','ADMIN','ACTIVO'),
(32,1,2,'2014-02-27','2014-02-27','ADMIN','ACTIVO'),
(37,1,2,'2014-02-27','2014-02-27','ADMIN','ACTIVO'),
(40,1,2,'2014-02-27','2014-02-27','ADMIN','ACTIVO'),
(46,1,2,'2014-02-27','2014-02-27','ADMIN','ACTIVO'),
(48,1,2,'2014-02-27','2014-02-27','ADMIN','ACTIVO'),

( 2,1,1,'2014-02-28','2014-02-28','ADMIN','ACTIVO'),
( 3,1,1,'2014-02-28','2014-02-28','ADMIN','ACTIVO'),
( 4,1,1,'2014-02-28','2014-02-28','ADMIN','ACTIVO'),
( 9,1,1,'2014-02-28','2014-02-28','ADMIN','ACTIVO'),
(16,1,1,'2014-02-28','2014-02-28','ADMIN','ACTIVO'),
(21,1,1,'2014-02-28','2014-02-28','ADMIN','ACTIVO'),
(33,1,1,'2014-02-28','2014-02-28','ADMIN','ACTIVO'),
(36,1,1,'2014-02-28','2014-02-28','ADMIN','ACTIVO'),
(39,1,1,'2014-02-28','2014-02-28','ADMIN','ACTIVO'),
(41,1,1,'2014-02-28','2014-02-28','ADMIN','ACTIVO'),
(42,1,1,'2014-02-28','2014-02-28','ADMIN','ACTIVO'),
(45,1,1,'2014-02-28','2014-02-28','ADMIN','ACTIVO'),
(47,1,1,'2014-02-28','2014-02-28','ADMIN','ACTIVO'),
(56,1,1,'2014-02-28','2014-02-28','ADMIN','ACTIVO'),
(58,1,1,'2014-02-28','2014-02-28','ADMIN','ACTIVO'),
(60,1,1,'2014-02-28','2014-02-28','ADMIN','ACTIVO'),
( 8,1,2,'2014-02-28','2014-02-28','ADMIN','ACTIVO'),
(12,1,2,'2014-02-28','2014-02-28','ADMIN','ACTIVO'),
(13,1,2,'2014-02-28','2014-02-28','ADMIN','ACTIVO'),
(14,1,2,'2014-02-28','2014-02-28','ADMIN','ACTIVO'),
(18,1,2,'2014-02-28','2014-02-28','ADMIN','ACTIVO'),
(22,1,2,'2014-02-28','2014-02-28','ADMIN','ACTIVO'),
(23,1,2,'2014-02-28','2014-02-28','ADMIN','ACTIVO'),
(24,1,2,'2014-02-28','2014-02-28','ADMIN','ACTIVO'),
(25,1,2,'2014-02-28','2014-02-28','ADMIN','ACTIVO'),
(26,1,2,'2014-02-28','2014-02-28','ADMIN','ACTIVO'),
(27,1,2,'2014-02-28','2014-02-28','ADMIN','ACTIVO'),
(31,1,2,'2014-02-28','2014-02-28','ADMIN','ACTIVO'),
(32,1,2,'2014-02-28','2014-02-28','ADMIN','ACTIVO'),
(37,1,2,'2014-02-28','2014-02-28','ADMIN','ACTIVO'),
(40,1,2,'2014-02-28','2014-02-28','ADMIN','ACTIVO'),
(46,1,2,'2014-02-28','2014-02-28','ADMIN','ACTIVO'),
(48,1,2,'2014-02-28','2014-02-28','ADMIN','ACTIVO');*/
